,0
0,0.0
1,8.773330479076491e-12
2,1.7546660958152983e-11
3,2.6319991437229474e-11
4,3.5093321916305966e-11
5,4.386665239538246e-11
6,5.263998287445895e-11
7,6.141331335353543e-11
8,7.018664383261193e-11
9,7.895997431168843e-11
10,8.773330479076493e-11
11,9.650663526984143e-11
12,1.0527996574891792e-10
13,1.1405329622799442e-10
14,1.2282662670707092e-10
15,1.3159995718614742e-10
16,1.4037328766522392e-10
17,1.4914661814430041e-10
18,1.579199486233769e-10
19,1.666932791024534e-10
20,1.754666095815299e-10
21,1.842399400606064e-10
22,1.930132705396829e-10
23,2.017866010187594e-10
24,2.105599314978359e-10
25,2.193332619769124e-10
26,2.281065924559889e-10
27,2.368799229350654e-10
28,2.456532534141419e-10
29,2.544265838932184e-10
30,2.631999143722949e-10
31,2.719732448513714e-10
32,2.807465753304479e-10
33,2.895199058095244e-10
34,2.982932362886009e-10
35,3.070665667676774e-10
36,3.1583989724675387e-10
37,3.2461322772583037e-10
38,3.3338655820490687e-10
39,3.4215988868398337e-10
40,3.5093321916305987e-10
41,3.5970654964213636e-10
42,3.6847988012121286e-10
43,3.7725321060028936e-10
44,3.8602654107936586e-10
45,3.9479987155844236e-10
46,4.0357320203751885e-10
47,4.1234653251659535e-10
48,4.2111986299567185e-10
49,4.2989319347474835e-10
50,4.3866652395382484e-10
51,4.4743985443290134e-10
52,4.5621318491197784e-10
53,4.6498651539105434e-10
54,4.737598458701308e-10
55,4.825331763492072e-10
56,4.913065068282837e-10
57,5.000798373073601e-10
58,5.088531677864366e-10
59,5.17626498265513e-10
60,5.263998287445895e-10
61,5.351731592236659e-10
62,5.439464897027424e-10
63,5.527198201818188e-10
64,5.614931506608952e-10
65,5.702664811399717e-10
66,5.790398116190481e-10
67,5.878131420981246e-10
68,5.96586472577201e-10
69,6.053598030562775e-10
70,6.141331335353539e-10
71,6.229064640144304e-10
72,6.316797944935068e-10
73,6.404531249725833e-10
74,6.492264554516597e-10
75,6.579997859307362e-10
76,6.667731164098126e-10
77,6.75546446888889e-10
78,6.843197773679655e-10
79,6.930931078470419e-10
80,7.018664383261184e-10
81,7.106397688051948e-10
82,7.194130992842713e-10
83,7.281864297633477e-10
84,7.369597602424242e-10
85,7.457330907215006e-10
86,7.545064212005771e-10
87,7.632797516796535e-10
88,7.7205308215873e-10
89,7.808264126378064e-10
90,7.895997431168828e-10
91,7.983730735959593e-10
92,8.071464040750357e-10
93,8.159197345541122e-10
94,8.246930650331886e-10
95,8.334663955122651e-10
96,8.422397259913415e-10
97,8.51013056470418e-10
98,8.597863869494944e-10
99,8.685597174285709e-10
100,8.773330479076473e-10
101,8.861063783867238e-10
102,8.948797088658002e-10
103,9.036530393448767e-10
104,9.124263698239531e-10
105,9.211997003030295e-10
106,9.29973030782106e-10
107,9.387463612611824e-10
108,9.475196917402589e-10
109,9.562930222193353e-10
110,9.650663526984118e-10
111,9.738396831774882e-10
112,9.826130136565647e-10
113,9.913863441356411e-10
114,1.0001596746147176e-09
115,1.008933005093794e-09
116,1.0177063355728705e-09
117,1.026479666051947e-09
118,1.0352529965310233e-09
119,1.0440263270100998e-09
120,1.0527996574891762e-09
121,1.0615729879682527e-09
122,1.0703463184473291e-09
123,1.0791196489264056e-09
124,1.087892979405482e-09
125,1.0966663098845585e-09
126,1.105439640363635e-09
127,1.1142129708427114e-09
128,1.1229863013217878e-09
129,1.1317596318008643e-09
130,1.1405329622799407e-09
131,1.1493062927590171e-09
132,1.1580796232380936e-09
133,1.16685295371717e-09
134,1.1756262841962465e-09
135,1.184399614675323e-09
136,1.1931729451543994e-09
137,1.2019462756334758e-09
138,1.2107196061125523e-09
139,1.2194929365916287e-09
140,1.2282662670707052e-09
141,1.2370395975497816e-09
142,1.245812928028858e-09
143,1.2545862585079345e-09
144,1.263359588987011e-09
145,1.2721329194660874e-09
146,1.2809062499451638e-09
147,1.2896795804242403e-09
148,1.2984529109033167e-09
149,1.3072262413823932e-09
150,1.3159995718614696e-09
151,1.324772902340546e-09
152,1.3335462328196225e-09
153,1.342319563298699e-09
154,1.3510928937777754e-09
155,1.3598662242568519e-09
156,1.3686395547359283e-09
157,1.3774128852150047e-09
158,1.3861862156940812e-09
159,1.3949595461731576e-09
160,1.403732876652234e-09
161,1.4125062071313105e-09
162,1.421279537610387e-09
163,1.4300528680894634e-09
164,1.4388261985685399e-09
165,1.4475995290476163e-09
166,1.4563728595266928e-09
167,1.4651461900057692e-09
168,1.4739195204848457e-09
169,1.482692850963922e-09
170,1.4914661814429985e-09
171,1.500239511922075e-09
172,1.5090128424011514e-09
173,1.5177861728802279e-09
174,1.5265595033593043e-09
175,1.5353328338383808e-09
176,1.5441061643174572e-09
177,1.5528794947965337e-09
178,1.5616528252756101e-09
179,1.5704261557546866e-09
180,1.579199486233763e-09
181,1.5879728167128395e-09
182,1.596746147191916e-09
183,1.6055194776709923e-09
184,1.6142928081500688e-09
185,1.6230661386291452e-09
186,1.6318394691082217e-09
187,1.6406127995872981e-09
188,1.6493861300663746e-09
189,1.658159460545451e-09
190,1.6669327910245275e-09
191,1.675706121503604e-09
192,1.6844794519826804e-09
193,1.6932527824617568e-09
194,1.7020261129408333e-09
195,1.7107994434199097e-09
196,1.7195727738989862e-09
197,1.7283461043780626e-09
198,1.737119434857139e-09
199,1.7458927653362155e-09
200,1.754666095815292e-09
201,1.7634394262943684e-09
202,1.7722127567734448e-09
203,1.7809860872525213e-09
204,1.7897594177315977e-09
205,1.7985327482106742e-09
206,1.8073060786897506e-09
207,1.816079409168827e-09
208,1.8248527396479035e-09
209,1.83362607012698e-09
210,1.8423994006060564e-09
211,1.8511727310851328e-09
212,1.8599460615642093e-09
213,1.868719392043286e-09
214,1.8774927225223624e-09
215,1.886266053001439e-09
216,1.8950393834805153e-09
217,1.9038127139595917e-09
218,1.912586044438668e-09
219,1.9213593749177446e-09
220,1.930132705396821e-09
221,1.9389060358758975e-09
222,1.947679366354974e-09
223,1.9564526968340504e-09
224,1.965226027313127e-09
225,1.9739993577922033e-09
226,1.9827726882712797e-09
227,1.991546018750356e-09
228,2.0003193492294326e-09
229,2.009092679708509e-09
230,2.0178660101875855e-09
231,2.026639340666662e-09
232,2.0354126711457384e-09
233,2.044186001624815e-09
234,2.0529593321038913e-09
235,2.0617326625829678e-09
236,2.070505993062044e-09
237,2.0792793235411207e-09
238,2.088052654020197e-09
239,2.0968259844992735e-09
240,2.10559931497835e-09
241,2.1143726454574264e-09
242,2.123145975936503e-09
243,2.1319193064155793e-09
244,2.1406926368946558e-09
245,2.1494659673737322e-09
246,2.1582392978528087e-09
247,2.167012628331885e-09
248,2.1757859588109616e-09
249,2.184559289290038e-09
250,2.1933326197691145e-09
251,2.202105950248191e-09
252,2.2108792807272673e-09
253,2.2196526112063438e-09
254,2.2284259416854202e-09
255,2.2371992721644967e-09
256,2.245972602643573e-09
257,2.2547459331226496e-09
258,2.263519263601726e-09
259,2.2722925940808025e-09
260,2.281065924559879e-09
261,2.2898392550389554e-09
262,2.298612585518032e-09
263,2.3073859159971083e-09
264,2.3161592464761847e-09
265,2.324932576955261e-09
266,2.3337059074343376e-09
267,2.342479237913414e-09
268,2.3512525683924905e-09
269,2.360025898871567e-09
270,2.3687992293506434e-09
271,2.37757255982972e-09
272,2.3863458903087963e-09
273,2.3951192207878727e-09
274,2.403892551266949e-09
275,2.4126658817460256e-09
276,2.421439212225102e-09
277,2.4302125427041785e-09
278,2.438985873183255e-09
279,2.4477592036623314e-09
280,2.456532534141408e-09
281,2.4653058646204843e-09
282,2.4740791950995607e-09
283,2.482852525578637e-09
284,2.4916258560577136e-09
285,2.50039918653679e-09
286,2.5091725170158665e-09
287,2.517945847494943e-09
288,2.5267191779740194e-09
289,2.535492508453096e-09
290,2.5442658389321723e-09
291,2.5530391694112487e-09
292,2.561812499890325e-09
293,2.5705858303694016e-09
294,2.579359160848478e-09
295,2.5881324913275545e-09
296,2.596905821806631e-09
297,2.6056791522857074e-09
298,2.614452482764784e-09
299,2.6232258132438603e-09
300,2.6319991437229368e-09
301,2.6407724742020132e-09
302,2.6495458046810897e-09
303,2.658319135160166e-09
304,2.6670924656392426e-09
305,2.675865796118319e-09
306,2.6846391265973954e-09
307,2.693412457076472e-09
308,2.7021857875555483e-09
309,2.7109591180346248e-09
310,2.7197324485137012e-09
311,2.7285057789927777e-09
312,2.737279109471854e-09
313,2.7460524399509306e-09
314,2.754825770430007e-09
315,2.7635991009090835e-09
316,2.77237243138816e-09
317,2.7811457618672364e-09
318,2.789919092346313e-09
319,2.7986924228253892e-09
320,2.8074657533044657e-09
321,2.816239083783542e-09
322,2.8250124142626186e-09
323,2.833785744741695e-09
324,2.8425590752207715e-09
325,2.851332405699848e-09
326,2.8601057361789244e-09
327,2.868879066658001e-09
328,2.8776523971370773e-09
329,2.8864257276161537e-09
330,2.89519905809523e-09
331,2.9039723885743066e-09
332,2.912745719053383e-09
333,2.9215190495324595e-09
334,2.930292380011536e-09
335,2.9390657104906124e-09
336,2.947839040969689e-09
337,2.9566123714487653e-09
338,2.9653857019278417e-09
339,2.974159032406918e-09
340,2.9829323628859946e-09
341,2.991705693365071e-09
342,3.0004790238441475e-09
343,3.009252354323224e-09
344,3.0180256848023004e-09
345,3.026799015281377e-09
346,3.0355723457604533e-09
347,3.0443456762395297e-09
348,3.053119006718606e-09
349,3.0618923371976826e-09
350,3.070665667676759e-09
351,3.0794389981558355e-09
352,3.088212328634912e-09
353,3.0969856591139884e-09
354,3.105758989593065e-09
355,3.1145323200721413e-09
356,3.1233056505512178e-09
357,3.132078981030294e-09
358,3.1408523115093706e-09
359,3.149625641988447e-09
360,3.1583989724675235e-09
361,3.1671723029466e-09
362,3.1759456334256764e-09
363,3.184718963904753e-09
364,3.1934922943838293e-09
365,3.2022656248629058e-09
366,3.2110389553419822e-09
367,3.2198122858210587e-09
368,3.228585616300135e-09
369,3.2373589467792116e-09
370,3.246132277258288e-09
371,3.2549056077373644e-09
372,3.263678938216441e-09
373,3.2724522686955173e-09
374,3.2812255991745938e-09
375,3.2899989296536702e-09
376,3.2987722601327467e-09
377,3.307545590611823e-09
378,3.3163189210908996e-09
379,3.325092251569976e-09
380,3.3338655820490525e-09
381,3.342638912528129e-09
382,3.3514122430072054e-09
383,3.360185573486282e-09
384,3.3689589039653582e-09
385,3.3777322344444347e-09
386,3.386505564923511e-09
387,3.3952788954025876e-09
388,3.404052225881664e-09
389,3.4128255563607405e-09
390,3.421598886839817e-09
391,3.4303722173188934e-09
392,3.43914554779797e-09
393,3.4479188782770463e-09
394,3.4566922087561227e-09
395,3.465465539235199e-09
396,3.4742388697142756e-09
397,3.483012200193352e-09
398,3.4917855306724285e-09
399,3.500558861151505e-09
400,3.5093321916305814e-09
401,3.518105522109658e-09
402,3.5268788525887343e-09
403,3.5356521830678107e-09
404,3.544425513546887e-09
405,3.5531988440259636e-09
406,3.56197217450504e-09
407,3.5707455049841165e-09
408,3.579518835463193e-09
409,3.5882921659422694e-09
410,3.597065496421346e-09
411,3.6058388269004223e-09
412,3.6146121573794987e-09
413,3.623385487858575e-09
414,3.6321588183376516e-09
415,3.640932148816728e-09
416,3.6497054792958045e-09
417,3.658478809774881e-09
418,3.6672521402539574e-09
419,3.676025470733034e-09
420,3.6847988012121103e-09
421,3.6935721316911868e-09
422,3.702345462170263e-09
423,3.7111187926493397e-09
424,3.719892123128416e-09
425,3.7286654536074925e-09
426,3.737438784086569e-09
427,3.746212114565646e-09
428,3.754985445044723e-09
429,3.7637587755238e-09
430,3.772532106002877e-09
431,3.781305436481954e-09
432,3.7900787669610306e-09
433,3.7988520974401074e-09
434,3.807625427919184e-09
435,3.816398758398261e-09
436,3.825172088877338e-09
437,3.833945419356415e-09
438,3.842718749835492e-09
439,3.8514920803145686e-09
440,3.8602654107936454e-09
441,3.869038741272722e-09
442,3.877812071751799e-09
443,3.886585402230876e-09
444,3.895358732709953e-09
445,3.90413206318903e-09
446,3.912905393668107e-09
447,3.9216787241471835e-09
448,3.93045205462626e-09
449,3.939225385105337e-09
450,3.947998715584414e-09
451,3.956772046063491e-09
452,3.965545376542568e-09
453,3.974318707021645e-09
454,3.9830920375007215e-09
455,3.991865367979798e-09
456,4.000638698458875e-09
457,4.009412028937952e-09
458,4.018185359417029e-09
459,4.026958689896106e-09
460,4.035732020375183e-09
461,4.0445053508542595e-09
462,4.053278681333336e-09
463,4.062052011812413e-09
464,4.07082534229149e-09
465,4.079598672770567e-09
466,4.088372003249644e-09
467,4.097145333728721e-09
468,4.1059186642077975e-09
469,4.114691994686874e-09
470,4.123465325165951e-09
471,4.132238655645028e-09
472,4.141011986124105e-09
473,4.149785316603182e-09
474,4.158558647082259e-09
475,4.1673319775613355e-09
476,4.176105308040412e-09
477,4.184878638519489e-09
478,4.193651968998566e-09
479,4.202425299477643e-09
480,4.21119862995672e-09
481,4.219971960435797e-09
482,4.2287452909148736e-09
483,4.2375186213939504e-09
484,4.246291951873027e-09
485,4.255065282352104e-09
486,4.263838612831181e-09
487,4.272611943310258e-09
488,4.281385273789335e-09
489,4.2901586042684116e-09
490,4.2989319347474884e-09
491,4.307705265226565e-09
492,4.316478595705642e-09
493,4.325251926184719e-09
494,4.334025256663796e-09
495,4.342798587142873e-09
496,4.35157191762195e-09
497,4.3603452481010265e-09
498,4.369118578580103e-09
499,4.37789190905918e-09
500,4.386665239538257e-09
501,4.395438570017334e-09
502,4.404211900496411e-09
503,4.412985230975488e-09
504,4.4217585614545645e-09
505,4.430531891933641e-09
506,4.439305222412718e-09
507,4.448078552891795e-09
508,4.456851883370872e-09
509,4.465625213849949e-09
510,4.474398544329026e-09
511,4.4831718748081025e-09
512,4.491945205287179e-09
513,4.500718535766256e-09
514,4.509491866245333e-09
515,4.51826519672441e-09
516,4.527038527203487e-09
517,4.535811857682564e-09
518,4.5445851881616405e-09
519,4.553358518640717e-09
520,4.562131849119794e-09
521,4.570905179598871e-09
522,4.579678510077948e-09
523,4.588451840557025e-09
524,4.597225171036102e-09
525,4.6059985015151785e-09
526,4.614771831994255e-09
527,4.623545162473332e-09
528,4.632318492952409e-09
529,4.641091823431486e-09
530,4.649865153910563e-09
531,4.65863848438964e-09
532,4.6674118148687165e-09
533,4.676185145347793e-09
534,4.68495847582687e-09
535,4.693731806305947e-09
536,4.702505136785024e-09
537,4.711278467264101e-09
538,4.720051797743178e-09
539,4.7288251282222546e-09
540,4.7375984587013314e-09
541,4.746371789180408e-09
542,4.755145119659485e-09
543,4.763918450138562e-09
544,4.772691780617639e-09
545,4.781465111096716e-09
546,4.7902384415757926e-09
547,4.7990117720548694e-09
548,4.807785102533946e-09
549,4.816558433013023e-09
550,4.8253317634921e-09
551,4.834105093971177e-09
552,4.842878424450254e-09
553,4.851651754929331e-09
554,4.8604250854084075e-09
555,4.869198415887484e-09
556,4.877971746366561e-09
557,4.886745076845638e-09
558,4.895518407324715e-09
559,4.904291737803792e-09
560,4.913065068282869e-09
561,4.9218383987619455e-09
562,4.930611729241022e-09
563,4.939385059720099e-09
564,4.948158390199176e-09
565,4.956931720678253e-09
566,4.96570505115733e-09
567,4.974478381636407e-09
568,4.9832517121154835e-09
569,4.99202504259456e-09
570,5.000798373073637e-09
571,5.009571703552714e-09
572,5.018345034031791e-09
573,5.027118364510868e-09
574,5.035891694989945e-09
575,5.0446650254690215e-09
576,5.053438355948098e-09
577,5.062211686427175e-09
578,5.070985016906252e-09
579,5.079758347385329e-09
580,5.088531677864406e-09
581,5.097305008343483e-09
582,5.1060783388225595e-09
583,5.114851669301636e-09
584,5.123624999780713e-09
585,5.13239833025979e-09
586,5.141171660738867e-09
587,5.149944991217944e-09
588,5.158718321697021e-09
589,5.1674916521760976e-09
590,5.1762649826551744e-09
591,5.185038313134251e-09
592,5.193811643613328e-09
593,5.202584974092405e-09
594,5.211358304571482e-09
595,5.220131635050559e-09
596,5.2289049655296356e-09
597,5.2376782960087124e-09
598,5.246451626487789e-09
599,5.255224956966866e-09
600,5.263998287445943e-09
601,5.27277161792502e-09
602,5.281544948404097e-09
603,5.290318278883174e-09
604,5.2990916093622505e-09
605,5.307864939841327e-09
606,5.316638270320404e-09
607,5.325411600799481e-09
608,5.334184931278558e-09
609,5.342958261757635e-09
610,5.351731592236712e-09
611,5.3605049227157885e-09
612,5.369278253194865e-09
613,5.378051583673942e-09
614,5.386824914153019e-09
615,5.395598244632096e-09
616,5.404371575111173e-09
617,5.41314490559025e-09
618,5.4219182360693265e-09
619,5.430691566548403e-09
620,5.43946489702748e-09
621,5.448238227506557e-09
622,5.457011557985634e-09
623,5.465784888464711e-09
624,5.474558218943788e-09
625,5.4833315494228645e-09
626,5.492104879901941e-09
627,5.500878210381018e-09
628,5.509651540860095e-09
629,5.518424871339172e-09
630,5.527198201818249e-09
631,5.535971532297326e-09
632,5.5447448627764025e-09
633,5.553518193255479e-09
634,5.562291523734556e-09
635,5.571064854213633e-09
636,5.57983818469271e-09
637,5.588611515171787e-09
638,5.597384845650864e-09
639,5.6061581761299405e-09
640,5.614931506609017e-09
641,5.623704837088094e-09
642,5.632478167567171e-09
643,5.641251498046248e-09
644,5.650024828525325e-09
645,5.658798159004402e-09
646,5.6675714894834786e-09
647,5.6763448199625554e-09
648,5.685118150441632e-09
649,5.693891480920709e-09
650,5.702664811399786e-09
651,5.711438141878863e-09
652,5.72021147235794e-09
653,5.7289848028370166e-09
654,5.7377581333160934e-09
655,5.74653146379517e-09
656,5.755304794274247e-09
657,5.764078124753324e-09
658,5.772851455232401e-09
659,5.781624785711478e-09
660,5.790398116190555e-09
661,5.7991714466696315e-09
662,5.807944777148708e-09
663,5.816718107627785e-09
664,5.825491438106862e-09
665,5.834264768585939e-09
666,5.843038099065016e-09
667,5.851811429544093e-09
668,5.8605847600231695e-09
669,5.869358090502246e-09
670,5.878131420981323e-09
671,5.8869047514604e-09
672,5.895678081939477e-09
673,5.904451412418554e-09
674,5.913224742897631e-09
675,5.9219980733767075e-09
676,5.930771403855784e-09
677,5.939544734334861e-09
678,5.948318064813938e-09
679,5.957091395293015e-09
680,5.965864725772092e-09
681,5.974638056251169e-09
682,5.9834113867302455e-09
683,5.992184717209322e-09
684,6.000958047688399e-09
685,6.009731378167476e-09
686,6.018504708646553e-09
687,6.02727803912563e-09
688,6.036051369604707e-09
689,6.0448247000837835e-09
690,6.05359803056286e-09
691,6.062371361041937e-09
692,6.071144691521014e-09
693,6.079918022000091e-09
694,6.088691352479168e-09
695,6.097464682958245e-09
696,6.1062380134373216e-09
697,6.1150113439163984e-09
698,6.123784674395475e-09
699,6.132558004874552e-09
700,6.141331335353629e-09
701,6.150104665832706e-09
702,6.158877996311783e-09
703,6.1676513267908596e-09
704,6.1764246572699364e-09
705,6.185197987749013e-09
706,6.19397131822809e-09
707,6.202744648707167e-09
708,6.211517979186244e-09
709,6.220291309665321e-09
710,6.229064640144398e-09
711,6.2378379706234745e-09
712,6.246611301102551e-09
713,6.255384631581628e-09
714,6.264157962060705e-09
715,6.272931292539782e-09
716,6.281704623018859e-09
717,6.290477953497936e-09
718,6.2992512839770125e-09
719,6.308024614456089e-09
720,6.316797944935166e-09
721,6.325571275414243e-09
722,6.33434460589332e-09
723,6.343117936372397e-09
724,6.351891266851474e-09
725,6.3606645973305505e-09
726,6.369437927809627e-09
727,6.378211258288704e-09
728,6.386984588767781e-09
729,6.395757919246858e-09
730,6.404531249725935e-09
731,6.413304580205012e-09
732,6.4220779106840885e-09
733,6.430851241163165e-09
734,6.439624571642242e-09
735,6.448397902121319e-09
736,6.457171232600396e-09
737,6.465944563079473e-09
738,6.47471789355855e-09
739,6.4834912240376265e-09
740,6.492264554516703e-09
741,6.50103788499578e-09
742,6.509811215474857e-09
743,6.518584545953934e-09
744,6.527357876433011e-09
745,6.536131206912088e-09
746,6.5449045373911645e-09
747,6.553677867870241e-09
748,6.562451198349318e-09
749,6.571224528828395e-09
750,6.579997859307472e-09
751,6.588771189786549e-09
752,6.597544520265626e-09
753,6.6063178507447026e-09
754,6.6150911812237794e-09
755,6.623864511702856e-09
756,6.632637842181933e-09
757,6.64141117266101e-09
758,6.650184503140087e-09
759,6.658957833619164e-09
760,6.667731164098241e-09
761,6.6765044945773174e-09
762,6.685277825056394e-09
763,6.694051155535471e-09
764,6.702824486014548e-09
765,6.711597816493625e-09
766,6.720371146972702e-09
767,6.729144477451779e-09
768,6.7379178079308555e-09
769,6.746691138409932e-09
770,6.755464468889009e-09
771,6.764237799368086e-09
772,6.773011129847163e-09
773,6.78178446032624e-09
774,6.790557790805317e-09
775,6.7993311212843935e-09
776,6.80810445176347e-09
777,6.816877782242547e-09
778,6.825651112721624e-09
779,6.834424443200701e-09
780,6.843197773679778e-09
781,6.851971104158855e-09
782,6.8607444346379315e-09
783,6.869517765117008e-09
784,6.878291095596085e-09
785,6.887064426075162e-09
786,6.895837756554239e-09
787,6.904611087033316e-09
788,6.913384417512393e-09
789,6.9221577479914695e-09
790,6.930931078470546e-09
791,6.939704408949623e-09
792,6.9484777394287e-09
793,6.957251069907777e-09
794,6.966024400386854e-09
795,6.974797730865931e-09
796,6.9835710613450075e-09
797,6.992344391824084e-09
798,7.001117722303161e-09
799,7.009891052782238e-09
800,7.018664383261315e-09
801,7.027437713740392e-09
802,7.036211044219469e-09
803,7.0449843746985456e-09
804,7.0537577051776224e-09
805,7.062531035656699e-09
806,7.071304366135776e-09
807,7.080077696614853e-09
808,7.08885102709393e-09
809,7.097624357573007e-09
810,7.1063976880520836e-09
811,7.1151710185311604e-09
812,7.123944349010237e-09
813,7.132717679489314e-09
814,7.141491009968391e-09
815,7.150264340447468e-09
816,7.159037670926545e-09
817,7.167811001405622e-09
818,7.1765843318846985e-09
819,7.185357662363775e-09
820,7.194130992842852e-09
821,7.202904323321929e-09
822,7.211677653801006e-09
823,7.220450984280083e-09
824,7.22922431475916e-09
825,7.2379976452382365e-09
826,7.246770975717313e-09
827,7.25554430619639e-09
828,7.264317636675467e-09
829,7.273090967154544e-09
830,7.281864297633621e-09
831,7.290637628112698e-09
832,7.2994109585917745e-09
833,7.308184289070851e-09
834,7.316957619549928e-09
835,7.325730950029005e-09
836,7.334504280508082e-09
837,7.343277610987159e-09
838,7.352050941466236e-09
839,7.3608242719453125e-09
840,7.369597602424389e-09
841,7.378370932903466e-09
842,7.387144263382543e-09
843,7.39591759386162e-09
844,7.404690924340697e-09
845,7.413464254819774e-09
846,7.4222375852988505e-09
847,7.431010915777927e-09
848,7.439784246257004e-09
849,7.448557576736081e-09
850,7.457330907215157e-09
851,7.466104237694234e-09
852,7.474877568173311e-09
853,7.483650898652388e-09
854,7.492424229131465e-09
855,7.501197559610541e-09
856,7.509970890089618e-09
857,7.518744220568695e-09
858,7.527517551047772e-09
859,7.536290881526849e-09
860,7.545064212005926e-09
861,7.553837542485003e-09
862,7.56261087296408e-09
863,7.571384203443156e-09
864,7.580157533922233e-09
865,7.58893086440131e-09
866,7.597704194880387e-09
867,7.606477525359464e-09
868,7.61525085583854e-09
869,7.624024186317617e-09
870,7.632797516796694e-09
871,7.641570847275771e-09
872,7.650344177754848e-09
873,7.659117508233925e-09
874,7.667890838713002e-09
875,7.676664169192079e-09
876,7.685437499671155e-09
877,7.694210830150232e-09
878,7.70298416062931e-09
879,7.711757491108386e-09
880,7.720530821587463e-09
881,7.72930415206654e-09
882,7.738077482545617e-09
883,7.746850813024694e-09
884,7.75562414350377e-09
885,7.764397473982847e-09
886,7.773170804461924e-09
887,7.781944134941001e-09
888,7.790717465420078e-09
889,7.799490795899155e-09
890,7.808264126378232e-09
891,7.817037456857308e-09
892,7.825810787336385e-09
893,7.834584117815462e-09
894,7.843357448294539e-09
895,7.852130778773616e-09
896,7.860904109252693e-09
897,7.86967743973177e-09
898,7.878450770210846e-09
899,7.887224100689923e-09
900,7.895997431169e-09
901,7.904770761648077e-09
902,7.913544092127154e-09
903,7.92231742260623e-09
904,7.931090753085308e-09
905,7.939864083564384e-09
906,7.948637414043461e-09
907,7.957410744522538e-09
908,7.966184075001615e-09
909,7.974957405480692e-09
910,7.983730735959769e-09
911,7.992504066438846e-09
912,8.001277396917922e-09
913,8.010050727397e-09
914,8.018824057876076e-09
915,8.027597388355153e-09
916,8.03637071883423e-09
917,8.045144049313307e-09
918,8.053917379792384e-09
919,8.06269071027146e-09
920,8.071464040750537e-09
921,8.080237371229614e-09
922,8.089010701708691e-09
923,8.097784032187768e-09
924,8.106557362666845e-09
925,8.115330693145922e-09
926,8.124104023624998e-09
927,8.132877354104075e-09
928,8.141650684583152e-09
929,8.150424015062229e-09
930,8.159197345541306e-09
931,8.167970676020383e-09
932,8.17674400649946e-09
933,8.185517336978537e-09
934,8.194290667457613e-09
935,8.20306399793669e-09
936,8.211837328415767e-09
937,8.220610658894844e-09
938,8.22938398937392e-09
939,8.238157319852998e-09
940,8.246930650332075e-09
941,8.255703980811151e-09
942,8.264477311290228e-09
943,8.273250641769305e-09
944,8.282023972248382e-09
945,8.290797302727459e-09
946,8.299570633206536e-09
947,8.308343963685613e-09
948,8.31711729416469e-09
949,8.325890624643766e-09
950,8.334663955122843e-09
951,8.34343728560192e-09
952,8.352210616080997e-09
953,8.360983946560074e-09
954,8.36975727703915e-09
955,8.378530607518227e-09
956,8.387303937997304e-09
957,8.396077268476381e-09
958,8.404850598955458e-09
959,8.413623929434535e-09
960,8.422397259913612e-09
961,8.431170590392689e-09
962,8.439943920871765e-09
963,8.448717251350842e-09
964,8.457490581829919e-09
965,8.466263912308996e-09
966,8.475037242788073e-09
967,8.48381057326715e-09
968,8.492583903746227e-09
969,8.501357234225303e-09
970,8.51013056470438e-09
971,8.518903895183457e-09
972,8.527677225662534e-09
973,8.536450556141611e-09
974,8.545223886620688e-09
975,8.553997217099765e-09
976,8.562770547578841e-09
977,8.571543878057918e-09
978,8.580317208536995e-09
979,8.589090539016072e-09
980,8.597863869495149e-09
981,8.606637199974226e-09
982,8.615410530453303e-09
983,8.62418386093238e-09
984,8.632957191411456e-09
985,8.641730521890533e-09
986,8.65050385236961e-09
987,8.659277182848687e-09
988,8.668050513327764e-09
989,8.67682384380684e-09
990,8.685597174285918e-09
991,8.694370504764994e-09
992,8.703143835244071e-09
993,8.711917165723148e-09
994,8.720690496202225e-09
995,8.729463826681302e-09
996,8.738237157160379e-09
997,8.747010487639456e-09
998,8.755783818118532e-09
999,8.76455714859761e-09
1000,8.773330479076686e-09
1001,8.782103809555763e-09
1002,8.79087714003484e-09
1003,8.799650470513917e-09
1004,8.808423800992994e-09
1005,8.81719713147207e-09
1006,8.825970461951147e-09
1007,8.834743792430224e-09
1008,8.843517122909301e-09
1009,8.852290453388378e-09
1010,8.861063783867455e-09
1011,8.869837114346532e-09
1012,8.878610444825608e-09
1013,8.887383775304685e-09
1014,8.896157105783762e-09
1015,8.904930436262839e-09
1016,8.913703766741916e-09
1017,8.922477097220993e-09
1018,8.93125042770007e-09
1019,8.940023758179146e-09
1020,8.948797088658223e-09
1021,8.9575704191373e-09
1022,8.966343749616377e-09
1023,8.975117080095454e-09
1024,8.98389041057453e-09
1025,8.992663741053608e-09
1026,9.001437071532684e-09
1027,9.010210402011761e-09
1028,9.018983732490838e-09
1029,9.027757062969915e-09
1030,9.036530393448992e-09
1031,9.045303723928069e-09
1032,9.054077054407146e-09
1033,9.062850384886222e-09
1034,9.0716237153653e-09
1035,9.080397045844376e-09
1036,9.089170376323453e-09
1037,9.09794370680253e-09
1038,9.106717037281607e-09
1039,9.115490367760684e-09
1040,9.12426369823976e-09
1041,9.133037028718837e-09
1042,9.141810359197914e-09
1043,9.150583689676991e-09
1044,9.159357020156068e-09
1045,9.168130350635145e-09
1046,9.176903681114222e-09
1047,9.185677011593299e-09
1048,9.194450342072375e-09
1049,9.203223672551452e-09
1050,9.211997003030529e-09
1051,9.220770333509606e-09
1052,9.229543663988683e-09
1053,9.23831699446776e-09
1054,9.247090324946837e-09
1055,9.255863655425913e-09
1056,9.26463698590499e-09
1057,9.273410316384067e-09
1058,9.282183646863144e-09
1059,9.290956977342221e-09
1060,9.299730307821298e-09
1061,9.308503638300375e-09
1062,9.317276968779451e-09
1063,9.326050299258528e-09
1064,9.334823629737605e-09
1065,9.343596960216682e-09
1066,9.352370290695759e-09
1067,9.361143621174836e-09
1068,9.369916951653913e-09
1069,9.37869028213299e-09
1070,9.387463612612066e-09
1071,9.396236943091143e-09
1072,9.40501027357022e-09
1073,9.413783604049297e-09
1074,9.422556934528374e-09
1075,9.43133026500745e-09
1076,9.440103595486527e-09
1077,9.448876925965604e-09
1078,9.457650256444681e-09
1079,9.466423586923758e-09
1080,9.475196917402835e-09
1081,9.483970247881912e-09
1082,9.492743578360989e-09
1083,9.501516908840065e-09
1084,9.510290239319142e-09
1085,9.51906356979822e-09
1086,9.527836900277296e-09
1087,9.536610230756373e-09
1088,9.54538356123545e-09
1089,9.554156891714527e-09
1090,9.562930222193604e-09
1091,9.57170355267268e-09
1092,9.580476883151757e-09
1093,9.589250213630834e-09
1094,9.598023544109911e-09
1095,9.606796874588988e-09
1096,9.615570205068065e-09
1097,9.624343535547142e-09
1098,9.633116866026218e-09
1099,9.641890196505295e-09
1100,9.650663526984372e-09
1101,9.659436857463449e-09
1102,9.668210187942526e-09
1103,9.676983518421603e-09
1104,9.68575684890068e-09
1105,9.694530179379756e-09
1106,9.703303509858833e-09
1107,9.71207684033791e-09
1108,9.720850170816987e-09
1109,9.729623501296064e-09
1110,9.73839683177514e-09
1111,9.747170162254218e-09
1112,9.755943492733294e-09
1113,9.764716823212371e-09
1114,9.773490153691448e-09
1115,9.782263484170525e-09
1116,9.791036814649602e-09
1117,9.799810145128679e-09
1118,9.808583475607756e-09
1119,9.817356806086832e-09
1120,9.82613013656591e-09
1121,9.834903467044986e-09
1122,9.843676797524063e-09
1123,9.85245012800314e-09
1124,9.861223458482217e-09
1125,9.869996788961294e-09
1126,9.87877011944037e-09
1127,9.887543449919447e-09
1128,9.896316780398524e-09
1129,9.905090110877601e-09
1130,9.913863441356678e-09
1131,9.922636771835755e-09
1132,9.931410102314832e-09
1133,9.940183432793908e-09
1134,9.948956763272985e-09
1135,9.957730093752062e-09
1136,9.966503424231139e-09
1137,9.975276754710216e-09
1138,9.984050085189293e-09
1139,9.99282341566837e-09
1140,1.0001596746147446e-08
1141,1.0010370076626523e-08
1142,1.00191434071056e-08
1143,1.0027916737584677e-08
1144,1.0036690068063754e-08
1145,1.004546339854283e-08
1146,1.0054236729021908e-08
1147,1.0063010059500985e-08
1148,1.0071783389980061e-08
1149,1.0080556720459138e-08
1150,1.0089330050938215e-08
1151,1.0098103381417292e-08
1152,1.0106876711896369e-08
1153,1.0115650042375446e-08
1154,1.0124423372854523e-08
1155,1.01331967033336e-08
1156,1.0141970033812676e-08
1157,1.0150743364291753e-08
1158,1.015951669477083e-08
1159,1.0168290025249907e-08
1160,1.0177063355728984e-08
1161,1.018583668620806e-08
1162,1.0194610016687137e-08
1163,1.0203383347166214e-08
1164,1.0212156677645291e-08
1165,1.0220930008124368e-08
1166,1.0229703338603445e-08
1167,1.0238476669082522e-08
1168,1.0247249999561599e-08
1169,1.0256023330040675e-08
1170,1.0264796660519752e-08
1171,1.0273569990998829e-08
1172,1.0282343321477906e-08
1173,1.0291116651956983e-08
1174,1.029988998243606e-08
1175,1.0308663312915137e-08
1176,1.0317436643394213e-08
1177,1.032620997387329e-08
1178,1.0334983304352367e-08
1179,1.0343756634831444e-08
1180,1.0352529965310521e-08
1181,1.0361303295789598e-08
1182,1.0370076626268675e-08
1183,1.0378849956747751e-08
1184,1.0387623287226828e-08
1185,1.0396396617705905e-08
1186,1.0405169948184982e-08
1187,1.0413943278664059e-08
1188,1.0422716609143136e-08
1189,1.0431489939622213e-08
1190,1.044026327010129e-08
1191,1.0449036600580366e-08
1192,1.0457809931059443e-08
1193,1.046658326153852e-08
1194,1.0475356592017597e-08
1195,1.0484129922496674e-08
1196,1.049290325297575e-08
1197,1.0501676583454828e-08
1198,1.0510449913933904e-08
1199,1.0519223244412981e-08
1200,1.0527996574892058e-08
1201,1.0536769905371135e-08
1202,1.0545543235850212e-08
1203,1.0554316566329289e-08
1204,1.0563089896808366e-08
1205,1.0571863227287442e-08
1206,1.058063655776652e-08
1207,1.0589409888245596e-08
1208,1.0598183218724673e-08
1209,1.060695654920375e-08
1210,1.0615729879682827e-08
1211,1.0624503210161904e-08
1212,1.063327654064098e-08
1213,1.0642049871120057e-08
1214,1.0650823201599134e-08
1215,1.0659596532078211e-08
1216,1.0668369862557288e-08
1217,1.0677143193036365e-08
1218,1.0685916523515442e-08
1219,1.0694689853994518e-08
1220,1.0703463184473595e-08
1221,1.0712236514952672e-08
1222,1.0721009845431749e-08
1223,1.0729783175910826e-08
1224,1.0738556506389903e-08
1225,1.074732983686898e-08
1226,1.0756103167348056e-08
1227,1.0764876497827133e-08
1228,1.077364982830621e-08
1229,1.0782423158785287e-08
1230,1.0791196489264364e-08
1231,1.079996981974344e-08
1232,1.0808743150222518e-08
1233,1.0817516480701594e-08
1234,1.0826289811180671e-08
1235,1.0835063141659748e-08
1236,1.0843836472138825e-08
1237,1.0852609802617902e-08
1238,1.0861383133096979e-08
1239,1.0870156463576056e-08
1240,1.0878929794055132e-08
1241,1.088770312453421e-08
1242,1.0896476455013286e-08
1243,1.0905249785492363e-08
1244,1.091402311597144e-08
1245,1.0922796446450517e-08
1246,1.0931569776929594e-08
1247,1.094034310740867e-08
1248,1.0949116437887747e-08
1249,1.0957889768366824e-08
1250,1.0966663098845901e-08
1251,1.0975436429324978e-08
1252,1.0984209759804055e-08
1253,1.0992983090283132e-08
1254,1.1001756420762209e-08
1255,1.1010529751241285e-08
1256,1.1019303081720362e-08
1257,1.1028076412199439e-08
1258,1.1036849742678516e-08
1259,1.1045623073157593e-08
1260,1.105439640363667e-08
1261,1.1063169734115747e-08
1262,1.1071943064594823e-08
1263,1.10807163950739e-08
1264,1.1089489725552977e-08
1265,1.1098263056032054e-08
1266,1.1107036386511131e-08
1267,1.1115809716990208e-08
1268,1.1124583047469285e-08
1269,1.1133356377948361e-08
1270,1.1142129708427438e-08
1271,1.1150903038906515e-08
1272,1.1159676369385592e-08
1273,1.1168449699864669e-08
1274,1.1177223030343746e-08
1275,1.1185996360822823e-08
1276,1.11947696913019e-08
1277,1.1203543021780976e-08
1278,1.1212316352260053e-08
1279,1.122108968273913e-08
1280,1.1229863013218207e-08
1281,1.1238636343697284e-08
1282,1.124740967417636e-08
1283,1.1256183004655437e-08
1284,1.1264956335134514e-08
1285,1.1273729665613591e-08
1286,1.1282502996092668e-08
1287,1.1291276326571745e-08
1288,1.1300049657050822e-08
1289,1.1308822987529899e-08
1290,1.1317596318008975e-08
1291,1.1326369648488052e-08
1292,1.133514297896713e-08
1293,1.1343916309446206e-08
1294,1.1352689639925283e-08
1295,1.136146297040436e-08
1296,1.1370236300883437e-08
1297,1.1379009631362513e-08
1298,1.138778296184159e-08
1299,1.1396556292320667e-08
1300,1.1405329622799744e-08
1301,1.1414102953278821e-08
1302,1.1422876283757898e-08
1303,1.1431649614236975e-08
1304,1.1440422944716052e-08
1305,1.1449196275195128e-08
1306,1.1457969605674205e-08
1307,1.1466742936153282e-08
1308,1.1475516266632359e-08
1309,1.1484289597111436e-08
1310,1.1493062927590513e-08
1311,1.150183625806959e-08
1312,1.1510609588548666e-08
1313,1.1519382919027743e-08
1314,1.152815624950682e-08
1315,1.1536929579985897e-08
1316,1.1545702910464974e-08
1317,1.155447624094405e-08
1318,1.1563249571423128e-08
1319,1.1572022901902204e-08
1320,1.1580796232381281e-08
1321,1.1589569562860358e-08
1322,1.1598342893339435e-08
1323,1.1607116223818512e-08
1324,1.1615889554297589e-08
1325,1.1624662884776666e-08
1326,1.1633436215255742e-08
1327,1.164220954573482e-08
1328,1.1650982876213896e-08
1329,1.1659756206692973e-08
1330,1.166852953717205e-08
1331,1.1677302867651127e-08
1332,1.1686076198130204e-08
1333,1.169484952860928e-08
1334,1.1703622859088357e-08
1335,1.1712396189567434e-08
1336,1.1721169520046511e-08
1337,1.1729942850525588e-08
1338,1.1738716181004665e-08
1339,1.1747489511483742e-08
1340,1.1756262841962818e-08
1341,1.1765036172441895e-08
1342,1.1773809502920972e-08
1343,1.1782582833400049e-08
1344,1.1791356163879126e-08
1345,1.1800129494358203e-08
1346,1.180890282483728e-08
1347,1.1817676155316356e-08
1348,1.1826449485795433e-08
1349,1.183522281627451e-08
1350,1.1843996146753587e-08
1351,1.1852769477232664e-08
1352,1.186154280771174e-08
1353,1.1870316138190818e-08
1354,1.1879089468669894e-08
1355,1.1887862799148971e-08
1356,1.1896636129628048e-08
1357,1.1905409460107125e-08
1358,1.1914182790586202e-08
1359,1.1922956121065279e-08
1360,1.1931729451544356e-08
1361,1.1940502782023433e-08
1362,1.194927611250251e-08
1363,1.1958049442981586e-08
1364,1.1966822773460663e-08
1365,1.197559610393974e-08
1366,1.1984369434418817e-08
1367,1.1993142764897894e-08
1368,1.200191609537697e-08
1369,1.2010689425856047e-08
1370,1.2019462756335124e-08
1371,1.2028236086814201e-08
1372,1.2037009417293278e-08
1373,1.2045782747772355e-08
1374,1.2054556078251432e-08
1375,1.2063329408730509e-08
1376,1.2072102739209585e-08
1377,1.2080876069688662e-08
1378,1.2089649400167739e-08
1379,1.2098422730646816e-08
1380,1.2107196061125893e-08
1381,1.211596939160497e-08
1382,1.2124742722084047e-08
1383,1.2133516052563123e-08
1384,1.21422893830422e-08
1385,1.2151062713521277e-08
1386,1.2159836044000354e-08
1387,1.2168609374479431e-08
1388,1.2177382704958508e-08
1389,1.2186156035437585e-08
1390,1.2194929365916661e-08
1391,1.2203702696395738e-08
1392,1.2212476026874815e-08
1393,1.2221249357353892e-08
1394,1.2230022687832969e-08
1395,1.2238796018312046e-08
1396,1.2247569348791123e-08
1397,1.22563426792702e-08
1398,1.2265116009749276e-08
1399,1.2273889340228353e-08
1400,1.228266267070743e-08
1401,1.2291436001186507e-08
1402,1.2300209331665584e-08
1403,1.230898266214466e-08
1404,1.2317755992623737e-08
1405,1.2326529323102814e-08
1406,1.2335302653581891e-08
1407,1.2344075984060968e-08
1408,1.2352849314540045e-08
1409,1.2361622645019122e-08
1410,1.2370395975498199e-08
1411,1.2379169305977276e-08
1412,1.2387942636456352e-08
1413,1.239671596693543e-08
1414,1.2405489297414506e-08
1415,1.2414262627893583e-08
1416,1.242303595837266e-08
1417,1.2431809288851737e-08
1418,1.2440582619330814e-08
1419,1.244935594980989e-08
1420,1.2458129280288967e-08
1421,1.2466902610768044e-08
1422,1.2475675941247121e-08
1423,1.2484449271726198e-08
1424,1.2493222602205275e-08
1425,1.2501995932684352e-08
1426,1.2510769263163428e-08
1427,1.2519542593642505e-08
1428,1.2528315924121582e-08
1429,1.2537089254600659e-08
1430,1.2545862585079736e-08
1431,1.2554635915558813e-08
1432,1.256340924603789e-08
1433,1.2572182576516966e-08
1434,1.2580955906996043e-08
1435,1.258972923747512e-08
1436,1.2598502567954197e-08
1437,1.2607275898433274e-08
1438,1.261604922891235e-08
1439,1.2624822559391428e-08
1440,1.2633595889870504e-08
1441,1.2642369220349581e-08
1442,1.2651142550828658e-08
1443,1.2659915881307735e-08
1444,1.2668689211786812e-08
1445,1.2677462542265889e-08
1446,1.2686235872744966e-08
1447,1.2695009203224042e-08
1448,1.270378253370312e-08
1449,1.2712555864182196e-08
1450,1.2721329194661273e-08
1451,1.273010252514035e-08
1452,1.2738875855619427e-08
1453,1.2747649186098504e-08
1454,1.275642251657758e-08
1455,1.2765195847056657e-08
1456,1.2773969177535734e-08
1457,1.2782742508014811e-08
1458,1.2791515838493888e-08
1459,1.2800289168972965e-08
1460,1.2809062499452042e-08
1461,1.2817835829931118e-08
1462,1.2826609160410195e-08
1463,1.2835382490889272e-08
1464,1.2844155821368349e-08
1465,1.2852929151847426e-08
1466,1.2861702482326503e-08
1467,1.287047581280558e-08
1468,1.2879249143284657e-08
1469,1.2888022473763733e-08
1470,1.289679580424281e-08
1471,1.2905569134721887e-08
1472,1.2914342465200964e-08
1473,1.292311579568004e-08
1474,1.2931889126159118e-08
1475,1.2940662456638195e-08
1476,1.2949435787117271e-08
1477,1.2958209117596348e-08
1478,1.2966982448075425e-08
1479,1.2975755778554502e-08
1480,1.2984529109033579e-08
1481,1.2993302439512656e-08
1482,1.3002075769991733e-08
1483,1.301084910047081e-08
1484,1.3019622430949886e-08
1485,1.3028395761428963e-08
1486,1.303716909190804e-08
1487,1.3045942422387117e-08
1488,1.3054715752866194e-08
1489,1.306348908334527e-08
1490,1.3072262413824347e-08
1491,1.3081035744303424e-08
1492,1.3089809074782501e-08
1493,1.3098582405261578e-08
1494,1.3107355735740655e-08
1495,1.3116129066219732e-08
1496,1.3124902396698809e-08
1497,1.3133675727177885e-08
1498,1.3142449057656962e-08
1499,1.3151222388136039e-08
1500,1.3159995718615116e-08
1501,1.3168769049094193e-08
1502,1.317754237957327e-08
1503,1.3186315710052347e-08
1504,1.3195089040531423e-08
1505,1.32038623710105e-08
1506,1.3212635701489577e-08
1507,1.3221409031968654e-08
1508,1.3230182362447731e-08
1509,1.3238955692926808e-08
1510,1.3247729023405885e-08
1511,1.3256502353884961e-08
1512,1.3265275684364038e-08
1513,1.3274049014843115e-08
1514,1.3282822345322192e-08
1515,1.3291595675801269e-08
1516,1.3300369006280346e-08
1517,1.3309142336759423e-08
1518,1.33179156672385e-08
1519,1.3326688997717576e-08
1520,1.3335462328196653e-08
1521,1.334423565867573e-08
1522,1.3353008989154807e-08
1523,1.3361782319633884e-08
1524,1.337055565011296e-08
1525,1.3379328980592038e-08
1526,1.3388102311071114e-08
1527,1.3396875641550191e-08
1528,1.3405648972029268e-08
1529,1.3414422302508345e-08
1530,1.3423195632987422e-08
1531,1.3431968963466499e-08
1532,1.3440742293945576e-08
1533,1.3449515624424652e-08
1534,1.345828895490373e-08
1535,1.3467062285382806e-08
1536,1.3475835615861883e-08
1537,1.348460894634096e-08
1538,1.3493382276820037e-08
1539,1.3502155607299114e-08
1540,1.351092893777819e-08
1541,1.3519702268257267e-08
1542,1.3528475598736344e-08
1543,1.3537248929215421e-08
1544,1.3546022259694498e-08
1545,1.3554795590173575e-08
1546,1.3563568920652652e-08
1547,1.3572342251131728e-08
1548,1.3581115581610805e-08
1549,1.3589888912089882e-08
1550,1.3598662242568959e-08
1551,1.3607435573048036e-08
1552,1.3616208903527113e-08
1553,1.362498223400619e-08
1554,1.3633755564485266e-08
1555,1.3642528894964343e-08
1556,1.365130222544342e-08
1557,1.3660075555922497e-08
1558,1.3668848886401574e-08
1559,1.367762221688065e-08
1560,1.3686395547359728e-08
1561,1.3695168877838804e-08
1562,1.3703942208317881e-08
1563,1.3712715538796958e-08
1564,1.3721488869276035e-08
1565,1.3730262199755112e-08
1566,1.3739035530234189e-08
1567,1.3747808860713266e-08
1568,1.3756582191192342e-08
1569,1.376535552167142e-08
1570,1.3774128852150496e-08
1571,1.3782902182629573e-08
1572,1.379167551310865e-08
1573,1.3800448843587727e-08
1574,1.3809222174066804e-08
1575,1.381799550454588e-08
1576,1.3826768835024957e-08
1577,1.3835542165504034e-08
1578,1.3844315495983111e-08
1579,1.3853088826462188e-08
1580,1.3861862156941265e-08
1581,1.3870635487420342e-08
1582,1.3879408817899419e-08
1583,1.3888182148378495e-08
1584,1.3896955478857572e-08
1585,1.3905728809336649e-08
1586,1.3914502139815726e-08
1587,1.3923275470294803e-08
1588,1.393204880077388e-08
1589,1.3940822131252957e-08
1590,1.3949595461732033e-08
1591,1.395836879221111e-08
1592,1.3967142122690187e-08
1593,1.3975915453169264e-08
1594,1.3984688783648341e-08
1595,1.3993462114127418e-08
1596,1.4002235444606495e-08
1597,1.4011008775085571e-08
1598,1.4019782105564648e-08
1599,1.4028555436043725e-08
1600,1.4037328766522802e-08
1601,1.4046102097001879e-08
1602,1.4054875427480956e-08
1603,1.4063648757960033e-08
1604,1.407242208843911e-08
1605,1.4081195418918186e-08
1606,1.4089968749397263e-08
1607,1.409874207987634e-08
1608,1.4107515410355417e-08
1609,1.4116288740834494e-08
1610,1.412506207131357e-08
1611,1.4133835401792647e-08
1612,1.4142608732271724e-08
1613,1.4151382062750801e-08
1614,1.4160155393229878e-08
1615,1.4168928723708955e-08
1616,1.4177702054188032e-08
1617,1.4186475384667109e-08
1618,1.4195248715146185e-08
1619,1.4204022045625262e-08
1620,1.421279537610434e-08
1621,1.4221568706583416e-08
1622,1.4230342037062493e-08
1623,1.423911536754157e-08
1624,1.4247888698020647e-08
1625,1.4256662028499724e-08
1626,1.42654353589788e-08
1627,1.4274208689457877e-08
1628,1.4282982019936954e-08
1629,1.4291755350416031e-08
1630,1.4300528680895108e-08
1631,1.4309302011374185e-08
1632,1.4318075341853262e-08
1633,1.4326848672332338e-08
1634,1.4335622002811415e-08
1635,1.4344395333290492e-08
1636,1.4353168663769569e-08
1637,1.4361941994248646e-08
1638,1.4370715324727723e-08
1639,1.43794886552068e-08
1640,1.4388261985685876e-08
1641,1.4397035316164953e-08
1642,1.440580864664403e-08
1643,1.4414581977123107e-08
1644,1.4423355307602184e-08
1645,1.443212863808126e-08
1646,1.4440901968560338e-08
1647,1.4449675299039414e-08
1648,1.4458448629518491e-08
1649,1.4467221959997568e-08
1650,1.4475995290476645e-08
1651,1.4484768620955722e-08
1652,1.4493541951434799e-08
1653,1.4502315281913876e-08
1654,1.4511088612392952e-08
1655,1.451986194287203e-08
1656,1.4528635273351106e-08
1657,1.4537408603830183e-08
1658,1.454618193430926e-08
1659,1.4554955264788337e-08
1660,1.4563728595267414e-08
1661,1.457250192574649e-08
1662,1.4581275256225567e-08
1663,1.4590048586704644e-08
1664,1.4598821917183721e-08
1665,1.4607595247662798e-08
1666,1.4616368578141875e-08
1667,1.4625141908620952e-08
1668,1.4633915239100028e-08
1669,1.4642688569579105e-08
1670,1.4651461900058182e-08
1671,1.4660235230537259e-08
1672,1.4669008561016336e-08
1673,1.4677781891495413e-08
1674,1.468655522197449e-08
1675,1.4695328552453566e-08
1676,1.4704101882932643e-08
1677,1.471287521341172e-08
1678,1.4721648543890797e-08
1679,1.4730421874369874e-08
1680,1.473919520484895e-08
1681,1.4747968535328028e-08
1682,1.4756741865807105e-08
1683,1.4765515196286181e-08
1684,1.4774288526765258e-08
1685,1.4783061857244335e-08
1686,1.4791835187723412e-08
1687,1.4800608518202489e-08
1688,1.4809381848681566e-08
1689,1.4818155179160643e-08
1690,1.482692850963972e-08
1691,1.4835701840118796e-08
1692,1.4844475170597873e-08
1693,1.485324850107695e-08
1694,1.4862021831556027e-08
1695,1.4870795162035104e-08
1696,1.487956849251418e-08
1697,1.4888341822993257e-08
1698,1.4897115153472334e-08
1699,1.490588848395141e-08
1700,1.4914661814430486e-08
1701,1.4923435144909563e-08
1702,1.493220847538864e-08
1703,1.4940981805867717e-08
1704,1.4949755136346794e-08
1705,1.495852846682587e-08
1706,1.4967301797304947e-08
1707,1.4976075127784024e-08
1708,1.49848484582631e-08
1709,1.4993621788742178e-08
1710,1.5002395119221255e-08
1711,1.5011168449700332e-08
1712,1.501994178017941e-08
1713,1.5028715110658486e-08
1714,1.5037488441137562e-08
1715,1.504626177161664e-08
1716,1.5055035102095716e-08
1717,1.5063808432574793e-08
1718,1.507258176305387e-08
1719,1.5081355093532947e-08
1720,1.5090128424012024e-08
1721,1.50989017544911e-08
1722,1.5107675084970177e-08
1723,1.5116448415449254e-08
1724,1.512522174592833e-08
1725,1.5133995076407408e-08
1726,1.5142768406886485e-08
1727,1.515154173736556e-08
1728,1.516031506784464e-08
1729,1.5169088398323715e-08
1730,1.5177861728802792e-08
1731,1.518663505928187e-08
1732,1.5195408389760946e-08
1733,1.5204181720240023e-08
1734,1.52129550507191e-08
1735,1.5221728381198176e-08
1736,1.5230501711677253e-08
1737,1.523927504215633e-08
1738,1.5248048372635407e-08
1739,1.5256821703114484e-08
1740,1.526559503359356e-08
1741,1.5274368364072638e-08
1742,1.5283141694551714e-08
1743,1.529191502503079e-08
1744,1.5300688355509868e-08
1745,1.5309461685988945e-08
1746,1.5318235016468022e-08
1747,1.53270083469471e-08
1748,1.5335781677426176e-08
1749,1.5344555007905252e-08
1750,1.535332833838433e-08
1751,1.5362101668863406e-08
1752,1.5370874999342483e-08
1753,1.537964832982156e-08
1754,1.5388421660300637e-08
1755,1.5397194990779714e-08
1756,1.540596832125879e-08
1757,1.5414741651737867e-08
1758,1.5423514982216944e-08
1759,1.543228831269602e-08
1760,1.5441061643175098e-08
1761,1.5449834973654175e-08
1762,1.545860830413325e-08
1763,1.546738163461233e-08
1764,1.5476154965091405e-08
1765,1.5484928295570482e-08
1766,1.549370162604956e-08
1767,1.5502474956528636e-08
1768,1.5511248287007713e-08
1769,1.552002161748679e-08
1770,1.5528794947965867e-08
1771,1.5537568278444943e-08
1772,1.554634160892402e-08
1773,1.5555114939403097e-08
1774,1.5563888269882174e-08
1775,1.557266160036125e-08
1776,1.5581434930840328e-08
1777,1.5590208261319405e-08
1778,1.559898159179848e-08
1779,1.5607754922277558e-08
1780,1.5616528252756635e-08
1781,1.5625301583235712e-08
1782,1.563407491371479e-08
1783,1.5642848244193866e-08
1784,1.5651621574672943e-08
1785,1.566039490515202e-08
1786,1.5669168235631096e-08
1787,1.5677941566110173e-08
1788,1.568671489658925e-08
1789,1.5695488227068327e-08
1790,1.5704261557547404e-08
1791,1.571303488802648e-08
1792,1.5721808218505557e-08
1793,1.5730581548984634e-08
1794,1.573935487946371e-08
1795,1.5748128209942788e-08
1796,1.5756901540421865e-08
1797,1.5765674870900942e-08
1798,1.577444820138002e-08
1799,1.5783221531859095e-08
1800,1.5791994862338172e-08
1801,1.580076819281725e-08
1802,1.5809541523296326e-08
1803,1.5818314853775403e-08
1804,1.582708818425448e-08
1805,1.5835861514733557e-08
1806,1.5844634845212633e-08
1807,1.585340817569171e-08
1808,1.5862181506170787e-08
1809,1.5870954836649864e-08
1810,1.587972816712894e-08
1811,1.5888501497608018e-08
1812,1.5897274828087095e-08
1813,1.590604815856617e-08
1814,1.591482148904525e-08
1815,1.5923594819524325e-08
1816,1.5932368150003402e-08
1817,1.594114148048248e-08
1818,1.5949914810961556e-08
1819,1.5958688141440633e-08
1820,1.596746147191971e-08
1821,1.5976234802398786e-08
1822,1.5985008132877863e-08
1823,1.599378146335694e-08
1824,1.6002554793836017e-08
1825,1.6011328124315094e-08
1826,1.602010145479417e-08
1827,1.6028874785273248e-08
1828,1.6037648115752324e-08
1829,1.60464214462314e-08
1830,1.6055194776710478e-08
1831,1.6063968107189555e-08
1832,1.6072741437668632e-08
1833,1.608151476814771e-08
1834,1.6090288098626786e-08
1835,1.6099061429105862e-08
1836,1.610783475958494e-08
1837,1.6116608090064016e-08
1838,1.6125381420543093e-08
1839,1.613415475102217e-08
1840,1.6142928081501247e-08
1841,1.6151701411980324e-08
1842,1.61604747424594e-08
1843,1.6169248072938477e-08
1844,1.6178021403417554e-08
1845,1.618679473389663e-08
1846,1.6195568064375708e-08
1847,1.6204341394854785e-08
1848,1.621311472533386e-08
1849,1.622188805581294e-08
1850,1.6230661386292015e-08
1851,1.6239434716771092e-08
1852,1.624820804725017e-08
1853,1.6256981377729246e-08
1854,1.6265754708208323e-08
1855,1.62745280386874e-08
1856,1.6283301369166476e-08
1857,1.6292074699645553e-08
1858,1.630084803012463e-08
1859,1.6309621360603707e-08
1860,1.6318394691082784e-08
1861,1.632716802156186e-08
1862,1.6335941352040938e-08
1863,1.6344714682520014e-08
1864,1.635348801299909e-08
1865,1.6362261343478168e-08
1866,1.6371034673957245e-08
1867,1.6379808004436322e-08
1868,1.63885813349154e-08
1869,1.6397354665394476e-08
1870,1.6406127995873553e-08
1871,1.641490132635263e-08
1872,1.6423674656831706e-08
1873,1.6432447987310783e-08
1874,1.644122131778986e-08
1875,1.6449994648268937e-08
1876,1.6458767978748014e-08
1877,1.646754130922709e-08
1878,1.6476314639706167e-08
1879,1.6485087970185244e-08
1880,1.649386130066432e-08
1881,1.6502634631143398e-08
1882,1.6511407961622475e-08
1883,1.6520181292101552e-08
1884,1.652895462258063e-08
1885,1.6537727953059705e-08
1886,1.6546501283538782e-08
1887,1.655527461401786e-08
1888,1.6564047944496936e-08
1889,1.6572821274976013e-08
1890,1.658159460545509e-08
1891,1.6590367935934167e-08
1892,1.6599141266413243e-08
1893,1.660791459689232e-08
1894,1.6616687927371397e-08
1895,1.6625461257850474e-08
1896,1.663423458832955e-08
1897,1.6643007918808628e-08
1898,1.6651781249287705e-08
1899,1.666055457976678e-08
1900,1.6669327910245858e-08
1901,1.6678101240724935e-08
1902,1.6686874571204012e-08
1903,1.669564790168309e-08
1904,1.6704421232162166e-08
1905,1.6713194562641243e-08
1906,1.672196789312032e-08
1907,1.6730741223599396e-08
1908,1.6739514554078473e-08
1909,1.674828788455755e-08
1910,1.6757061215036627e-08
1911,1.6765834545515704e-08
1912,1.677460787599478e-08
1913,1.6783381206473857e-08
1914,1.6792154536952934e-08
1915,1.680092786743201e-08
1916,1.6809701197911088e-08
1917,1.6818474528390165e-08
1918,1.6827247858869242e-08
1919,1.683602118934832e-08
1920,1.6844794519827396e-08
1921,1.6853567850306472e-08
1922,1.686234118078555e-08
1923,1.6871114511264626e-08
1924,1.6879887841743703e-08
1925,1.688866117222278e-08
1926,1.6897434502701857e-08
1927,1.6906207833180934e-08
1928,1.691498116366001e-08
1929,1.6923754494139087e-08
1930,1.6932527824618164e-08
1931,1.694130115509724e-08
1932,1.6950074485576318e-08
