(107530000000.00000,0.00000),(1075300000.00000,0.00000),(0.00000,0.00000),(0.00000,0.00000),(0.00000,0.00000),(0.00000,0.00000),(1075300000.00000,0.00000),(0.00000,0.00000),(0.00000,0.00000),(0.00000,0.00000),(0.00000,0.00000),(0.00000,0.00000),(0.00000,0.00000),(0.00000,0.00000),(0.00000,0.00000),(0.00000,0.00000),(0.00000,0.00000),(0.00000,0.00000),(0.00000,0.00000),(0.00000,0.00000),(0.00000,0.00000),(0.00000,0.00000),(0.00000,0.00000),(0.00000,0.00000),(0.00000,0.00000),(0.00000,0.00000),(0.00000,0.00000),(0.00000,0.00000),(0.00000,0.00000),(0.00000,0.00000),(0.00000,0.00000),(0.00000,0.00000),(0.00000,0.00000),(0.00000,0.00000),(0.00000,0.00000),(0.00000,0.00000),(0.00000,0.00000),(0.00000,0.00000),(0.00000,0.00000),(0.00000,0.00000),(0.00000,0.00000),(0.00000,0.00000),(0.00000,0.00000),(0.00000,0.00000),(0.00000,0.00000),(0.00000,0.00000),(0.00000,0.00000),(0.00000,0.00000),(0.00000,0.00000),(0.00000,0.00000),(0.00000,0.00000),(0.00000,0.00000),(0.00000,0.00000),(0.00000,0.00000),(0.00000,0.00000),(0.00000,0.00000)
(1075300000.00000,0.00000),(107530000000.00000,0.00000),(1216563074.89583,0.00000),(0.00000,0.00000),(0.00000,0.00000),(0.00000,0.00000),(0.00000,0.00000),(961777558.48221,0.00000),(0.00000,0.00000),(0.00000,0.00000),(0.00000,0.00000),(0.00000,0.00000),(0.00000,0.00000),(0.00000,0.00000),(0.00000,0.00000),(0.00000,0.00000),(0.00000,0.00000),(0.00000,0.00000),(0.00000,0.00000),(0.00000,0.00000),(0.00000,0.00000),(0.00000,0.00000),(0.00000,0.00000),(0.00000,0.00000),(0.00000,0.00000),(0.00000,0.00000),(0.00000,0.00000),(0.00000,0.00000),(0.00000,0.00000),(0.00000,0.00000),(0.00000,0.00000),(0.00000,0.00000),(0.00000,0.00000),(0.00000,0.00000),(0.00000,0.00000),(0.00000,0.00000),(0.00000,0.00000),(0.00000,0.00000),(0.00000,0.00000),(0.00000,0.00000),(0.00000,0.00000),(0.00000,0.00000),(0.00000,0.00000),(0.00000,0.00000),(0.00000,0.00000),(0.00000,0.00000),(0.00000,0.00000),(0.00000,0.00000),(0.00000,0.00000),(0.00000,0.00000),(0.00000,0.00000),(0.00000,0.00000),(0.00000,0.00000),(0.00000,0.00000),(0.00000,0.00000),(0.00000,0.00000)
(0.00000,0.00000),(1216563074.89583,0.00000),(107530000000.00000,0.00000),(1117484540.02729,0.00000),(0.00000,0.00000),(0.00000,0.00000),(0.00000,0.00000),(0.00000,0.00000),(832923798.43537,0.00000),(0.00000,0.00000),(0.00000,0.00000),(0.00000,0.00000),(0.00000,0.00000),(0.00000,0.00000),(0.00000,0.00000),(0.00000,0.00000),(0.00000,0.00000),(0.00000,0.00000),(0.00000,0.00000),(0.00000,0.00000),(0.00000,0.00000),(0.00000,0.00000),(0.00000,0.00000),(0.00000,0.00000),(0.00000,0.00000),(0.00000,0.00000),(0.00000,0.00000),(0.00000,0.00000),(0.00000,0.00000),(0.00000,0.00000),(0.00000,0.00000),(0.00000,0.00000),(0.00000,0.00000),(0.00000,0.00000),(0.00000,0.00000),(0.00000,0.00000),(0.00000,0.00000),(0.00000,0.00000),(0.00000,0.00000),(0.00000,0.00000),(0.00000,0.00000),(0.00000,0.00000),(0.00000,0.00000),(0.00000,0.00000),(0.00000,0.00000),(0.00000,0.00000),(0.00000,0.00000),(0.00000,0.00000),(0.00000,0.00000),(0.00000,0.00000),(0.00000,0.00000),(0.00000,0.00000),(0.00000,0.00000),(0.00000,0.00000),(0.00000,0.00000),(0.00000,0.00000)
(0.00000,0.00000),(0.00000,0.00000),(1117484540.02729,0.00000),(107530000000.00000,0.00000),(860240000.00000,0.00000),(0.00000,0.00000),(0.00000,0.00000),(0.00000,0.00000),(0.00000,0.00000),(680079433.59581,0.00000),(0.00000,0.00000),(0.00000,0.00000),(0.00000,0.00000),(0.00000,0.00000),(0.00000,0.00000),(0.00000,0.00000),(0.00000,0.00000),(0.00000,0.00000),(0.00000,0.00000),(0.00000,0.00000),(0.00000,0.00000),(0.00000,0.00000),(0.00000,0.00000),(0.00000,0.00000),(0.00000,0.00000),(0.00000,0.00000),(0.00000,0.00000),(0.00000,0.00000),(0.00000,0.00000),(0.00000,0.00000),(0.00000,0.00000),(0.00000,0.00000),(0.00000,0.00000),(0.00000,0.00000),(0.00000,0.00000),(0.00000,0.00000),(0.00000,0.00000),(0.00000,0.00000),(0.00000,0.00000),(0.00000,0.00000),(0.00000,0.00000),(0.00000,0.00000),(0.00000,0.00000),(0.00000,0.00000),(0.00000,0.00000),(0.00000,0.00000),(0.00000,0.00000),(0.00000,0.00000),(0.00000,0.00000),(0.00000,0.00000),(0.00000,0.00000),(0.00000,0.00000),(0.00000,0.00000),(0.00000,0.00000),(0.00000,0.00000),(0.00000,0.00000)
(0.00000,0.00000),(0.00000,0.00000),(0.00000,0.00000),(860240000.00000,0.00000),(107530000000.00000,0.00000),(480888779.24110,0.00000),(0.00000,0.00000),(0.00000,0.00000),(0.00000,0.00000),(0.00000,0.00000),(480888779.24110,0.00000),(0.00000,0.00000),(0.00000,0.00000),(0.00000,0.00000),(0.00000,0.00000),(0.00000,0.00000),(0.00000,0.00000),(0.00000,0.00000),(0.00000,0.00000),(0.00000,0.00000),(0.00000,0.00000),(0.00000,0.00000),(0.00000,0.00000),(0.00000,0.00000),(0.00000,0.00000),(0.00000,0.00000),(0.00000,0.00000),(0.00000,0.00000),(0.00000,0.00000),(0.00000,0.00000),(0.00000,0.00000),(0.00000,0.00000),(0.00000,0.00000),(0.00000,0.00000),(0.00000,0.00000),(0.00000,0.00000),(0.00000,0.00000),(0.00000,0.00000),(0.00000,0.00000),(0.00000,0.00000),(0.00000,0.00000),(0.00000,0.00000),(0.00000,0.00000),(0.00000,0.00000),(0.00000,0.00000),(0.00000,0.00000),(0.00000,0.00000),(0.00000,0.00000),(0.00000,0.00000),(0.00000,0.00000),(0.00000,0.00000),(0.00000,0.00000),(0.00000,0.00000),(0.00000,0.00000),(0.00000,0.00000),(0.00000,0.00000)
(0.00000,0.00000),(0.00000,0.00000),(0.00000,0.00000),(0.00000,0.00000),(480888779.24110,0.00000),(107530000000.00000,0.00000),(0.00000,0.00000),(0.00000,0.00000),(0.00000,0.00000),(0.00000,0.00000),(0.00000,0.00000),(0.00000,0.00000),(0.00000,0.00000),(0.00000,0.00000),(0.00000,0.00000),(0.00000,0.00000),(0.00000,0.00000),(0.00000,0.00000),(0.00000,0.00000),(0.00000,0.00000),(0.00000,0.00000),(0.00000,0.00000),(0.00000,0.00000),(0.00000,0.00000),(0.00000,0.00000),(0.00000,0.00000),(0.00000,0.00000),(0.00000,0.00000),(0.00000,0.00000),(0.00000,0.00000),(0.00000,0.00000),(0.00000,0.00000),(0.00000,0.00000),(0.00000,0.00000),(0.00000,0.00000),(0.00000,0.00000),(0.00000,0.00000),(0.00000,0.00000),(0.00000,0.00000),(0.00000,0.00000),(0.00000,0.00000),(0.00000,0.00000),(0.00000,0.00000),(0.00000,0.00000),(0.00000,0.00000),(0.00000,0.00000),(0.00000,0.00000),(0.00000,0.00000),(0.00000,0.00000),(0.00000,0.00000),(0.00000,0.00000),(0.00000,0.00000),(0.00000,0.00000),(0.00000,0.00000),(0.00000,0.00000),(0.00000,0.00000)
(1075300000.00000,0.00000),(0.00000,0.00000),(0.00000,0.00000),(0.00000,0.00000),(0.00000,0.00000),(0.00000,0.00000),(107530000000.00000,0.00000),(961777558.48221,0.00000),(0.00000,0.00000),(0.00000,0.00000),(0.00000,0.00000),(1216563074.89583,0.00000),(0.00000,0.00000),(0.00000,0.00000),(0.00000,0.00000),(0.00000,0.00000),(0.00000,0.00000),(0.00000,0.00000),(0.00000,0.00000),(0.00000,0.00000),(0.00000,0.00000),(0.00000,0.00000),(0.00000,0.00000),(0.00000,0.00000),(0.00000,0.00000),(0.00000,0.00000),(0.00000,0.00000),(0.00000,0.00000),(0.00000,0.00000),(0.00000,0.00000),(0.00000,0.00000),(0.00000,0.00000),(0.00000,0.00000),(0.00000,0.00000),(0.00000,0.00000),(0.00000,0.00000),(0.00000,0.00000),(0.00000,0.00000),(0.00000,0.00000),(0.00000,0.00000),(0.00000,0.00000),(0.00000,0.00000),(0.00000,0.00000),(0.00000,0.00000),(0.00000,0.00000),(0.00000,0.00000),(0.00000,0.00000),(0.00000,0.00000),(0.00000,0.00000),(0.00000,0.00000),(0.00000,0.00000),(0.00000,0.00000),(0.00000,0.00000),(0.00000,0.00000),(0.00000,0.00000),(0.00000,0.00000)
(0.00000,0.00000),(961777558.48221,0.00000),(0.00000,0.00000),(0.00000,0.00000),(0.00000,0.00000),(0.00000,0.00000),(961777558.48221,0.00000),(107530000000.00000,0.00000),(1053574528.16590,0.00000),(0.00000,0.00000),(0.00000,0.00000),(0.00000,0.00000),(1053574528.16590,0.00000),(0.00000,0.00000),(0.00000,0.00000),(0.00000,0.00000),(0.00000,0.00000),(0.00000,0.00000),(0.00000,0.00000),(0.00000,0.00000),(0.00000,0.00000),(0.00000,0.00000),(0.00000,0.00000),(0.00000,0.00000),(0.00000,0.00000),(0.00000,0.00000),(0.00000,0.00000),(0.00000,0.00000),(0.00000,0.00000),(0.00000,0.00000),(0.00000,0.00000),(0.00000,0.00000),(0.00000,0.00000),(0.00000,0.00000),(0.00000,0.00000),(0.00000,0.00000),(0.00000,0.00000),(0.00000,0.00000),(0.00000,0.00000),(0.00000,0.00000),(0.00000,0.00000),(0.00000,0.00000),(0.00000,0.00000),(0.00000,0.00000),(0.00000,0.00000),(0.00000,0.00000),(0.00000,0.00000),(0.00000,0.00000),(0.00000,0.00000),(0.00000,0.00000),(0.00000,0.00000),(0.00000,0.00000),(0.00000,0.00000),(0.00000,0.00000),(0.00000,0.00000),(0.00000,0.00000)
(0.00000,0.00000),(0.00000,0.00000),(832923798.43537,0.00000),(0.00000,0.00000),(0.00000,0.00000),(0.00000,0.00000),(0.00000,0.00000),(1053574528.16590,0.00000),(107530000000.00000,0.00000),(912422306.17187,0.00000),(0.00000,0.00000),(0.00000,0.00000),(0.00000,0.00000),(860240000.00000,0.00000),(0.00000,0.00000),(0.00000,0.00000),(0.00000,0.00000),(0.00000,0.00000),(0.00000,0.00000),(0.00000,0.00000),(0.00000,0.00000),(0.00000,0.00000),(0.00000,0.00000),(0.00000,0.00000),(0.00000,0.00000),(0.00000,0.00000),(0.00000,0.00000),(0.00000,0.00000),(0.00000,0.00000),(0.00000,0.00000),(0.00000,0.00000),(0.00000,0.00000),(0.00000,0.00000),(0.00000,0.00000),(0.00000,0.00000),(0.00000,0.00000),(0.00000,0.00000),(0.00000,0.00000),(0.00000,0.00000),(0.00000,0.00000),(0.00000,0.00000),(0.00000,0.00000),(0.00000,0.00000),(0.00000,0.00000),(0.00000,0.00000),(0.00000,0.00000),(0.00000,0.00000),(0.00000,0.00000),(0.00000,0.00000),(0.00000,0.00000),(0.00000,0.00000),(0.00000,0.00000),(0.00000,0.00000),(0.00000,0.00000),(0.00000,0.00000),(0.00000,0.00000)
(0.00000,0.00000),(0.00000,0.00000),(0.00000,0.00000),(680079433.59581,0.00000),(0.00000,0.00000),(0.00000,0.00000),(0.00000,0.00000),(0.00000,0.00000),(912422306.17187,0.00000),(107530000000.00000,0.00000),(608281537.44792,0.00000),(0.00000,0.00000),(0.00000,0.00000),(0.00000,0.00000),(608281537.44792,0.00000),(0.00000,0.00000),(0.00000,0.00000),(0.00000,0.00000),(0.00000,0.00000),(0.00000,0.00000),(0.00000,0.00000),(0.00000,0.00000),(0.00000,0.00000),(0.00000,0.00000),(0.00000,0.00000),(0.00000,0.00000),(0.00000,0.00000),(0.00000,0.00000),(0.00000,0.00000),(0.00000,0.00000),(0.00000,0.00000),(0.00000,0.00000),(0.00000,0.00000),(0.00000,0.00000),(0.00000,0.00000),(0.00000,0.00000),(0.00000,0.00000),(0.00000,0.00000),(0.00000,0.00000),(0.00000,0.00000),(0.00000,0.00000),(0.00000,0.00000),(0.00000,0.00000),(0.00000,0.00000),(0.00000,0.00000),(0.00000,0.00000),(0.00000,0.00000),(0.00000,0.00000),(0.00000,0.00000),(0.00000,0.00000),(0.00000,0.00000),(0.00000,0.00000),(0.00000,0.00000),(0.00000,0.00000),(0.00000,0.00000),(0.00000,0.00000)
(0.00000,0.00000),(0.00000,0.00000),(0.00000,0.00000),(0.00000,0.00000),(480888779.24110,0.00000),(0.00000,0.00000),(0.00000,0.00000),(0.00000,0.00000),(0.00000,0.00000),(608281537.44792,0.00000),(107530000000.00000,0.00000),(0.00000,0.00000),(0.00000,0.00000),(0.00000,0.00000),(0.00000,0.00000),(0.00000,0.00000),(0.00000,0.00000),(0.00000,0.00000),(0.00000,0.00000),(0.00000,0.00000),(0.00000,0.00000),(0.00000,0.00000),(0.00000,0.00000),(0.00000,0.00000),(0.00000,0.00000),(0.00000,0.00000),(0.00000,0.00000),(0.00000,0.00000),(0.00000,0.00000),(0.00000,0.00000),(0.00000,0.00000),(0.00000,0.00000),(0.00000,0.00000),(0.00000,0.00000),(0.00000,0.00000),(0.00000,0.00000),(0.00000,0.00000),(0.00000,0.00000),(0.00000,0.00000),(0.00000,0.00000),(0.00000,0.00000),(0.00000,0.00000),(0.00000,0.00000),(0.00000,0.00000),(0.00000,0.00000),(0.00000,0.00000),(0.00000,0.00000),(0.00000,0.00000),(0.00000,0.00000),(0.00000,0.00000),(0.00000,0.00000),(0.00000,0.00000),(0.00000,0.00000),(0.00000,0.00000),(0.00000,0.00000),(0.00000,0.00000)
(0.00000,0.00000),(0.00000,0.00000),(0.00000,0.00000),(0.00000,0.00000),(0.00000,0.00000),(0.00000,0.00000),(1216563074.89583,0.00000),(0.00000,0.00000),(0.00000,0.00000),(0.00000,0.00000),(0.00000,0.00000),(107530000000.00000,0.00000),(832923798.43537,0.00000),(0.00000,0.00000),(0.00000,0.00000),(1117484540.02729,0.00000),(0.00000,0.00000),(0.00000,0.00000),(0.00000,0.00000),(0.00000,0.00000),(0.00000,0.00000),(0.00000,0.00000),(0.00000,0.00000),(0.00000,0.00000),(0.00000,0.00000),(0.00000,0.00000),(0.00000,0.00000),(0.00000,0.00000),(0.00000,0.00000),(0.00000,0.00000),(0.00000,0.00000),(0.00000,0.00000),(0.00000,0.00000),(0.00000,0.00000),(0.00000,0.00000),(0.00000,0.00000),(0.00000,0.00000),(0.00000,0.00000),(0.00000,0.00000),(0.00000,0.00000),(0.00000,0.00000),(0.00000,0.00000),(0.00000,0.00000),(0.00000,0.00000),(0.00000,0.00000),(0.00000,0.00000),(0.00000,0.00000),(0.00000,0.00000),(0.00000,0.00000),(0.00000,0.00000),(0.00000,0.00000),(0.00000,0.00000),(0.00000,0.00000),(0.00000,0.00000),(0.00000,0.00000),(0.00000,0.00000)
(0.00000,0.00000),(0.00000,0.00000),(0.00000,0.00000),(0.00000,0.00000),(0.00000,0.00000),(0.00000,0.00000),(0.00000,0.00000),(1053574528.16590,0.00000),(0.00000,0.00000),(0.00000,0.00000),(0.00000,0.00000),(832923798.43537,0.00000),(107530000000.00000,0.00000),(860240000.00000,0.00000),(0.00000,0.00000),(0.00000,0.00000),(912422306.17187,0.00000),(0.00000,0.00000),(0.00000,0.00000),(0.00000,0.00000),(0.00000,0.00000),(0.00000,0.00000),(0.00000,0.00000),(0.00000,0.00000),(0.00000,0.00000),(0.00000,0.00000),(0.00000,0.00000),(0.00000,0.00000),(0.00000,0.00000),(0.00000,0.00000),(0.00000,0.00000),(0.00000,0.00000),(0.00000,0.00000),(0.00000,0.00000),(0.00000,0.00000),(0.00000,0.00000),(0.00000,0.00000),(0.00000,0.00000),(0.00000,0.00000),(0.00000,0.00000),(0.00000,0.00000),(0.00000,0.00000),(0.00000,0.00000),(0.00000,0.00000),(0.00000,0.00000),(0.00000,0.00000),(0.00000,0.00000),(0.00000,0.00000),(0.00000,0.00000),(0.00000,0.00000),(0.00000,0.00000),(0.00000,0.00000),(0.00000,0.00000),(0.00000,0.00000),(0.00000,0.00000),(0.00000,0.00000)
(0.00000,0.00000),(0.00000,0.00000),(0.00000,0.00000),(0.00000,0.00000),(0.00000,0.00000),(0.00000,0.00000),(0.00000,0.00000),(0.00000,0.00000),(860240000.00000,0.00000),(0.00000,0.00000),(0.00000,0.00000),(0.00000,0.00000),(860240000.00000,0.00000),(107530000000.00000,0.00000),(645180000.00000,0.00000),(0.00000,0.00000),(0.00000,0.00000),(645180000.00000,0.00000),(0.00000,0.00000),(0.00000,0.00000),(0.00000,0.00000),(0.00000,0.00000),(0.00000,0.00000),(0.00000,0.00000),(0.00000,0.00000),(0.00000,0.00000),(0.00000,0.00000),(0.00000,0.00000),(0.00000,0.00000),(0.00000,0.00000),(0.00000,0.00000),(0.00000,0.00000),(0.00000,0.00000),(0.00000,0.00000),(0.00000,0.00000),(0.00000,0.00000),(0.00000,0.00000),(0.00000,0.00000),(0.00000,0.00000),(0.00000,0.00000),(0.00000,0.00000),(0.00000,0.00000),(0.00000,0.00000),(0.00000,0.00000),(0.00000,0.00000),(0.00000,0.00000),(0.00000,0.00000),(0.00000,0.00000),(0.00000,0.00000),(0.00000,0.00000),(0.00000,0.00000),(0.00000,0.00000),(0.00000,0.00000),(0.00000,0.00000),(0.00000,0.00000),(0.00000,0.00000)
(0.00000,0.00000),(0.00000,0.00000),(0.00000,0.00000),(0.00000,0.00000),(0.00000,0.00000),(0.00000,0.00000),(0.00000,0.00000),(0.00000,0.00000),(0.00000,0.00000),(608281537.44792,0.00000),(0.00000,0.00000),(0.00000,0.00000),(0.00000,0.00000),(645180000.00000,0.00000),(107530000000.00000,0.00000),(0.00000,0.00000),(0.00000,0.00000),(0.00000,0.00000),(0.00000,0.00000),(0.00000,0.00000),(0.00000,0.00000),(0.00000,0.00000),(0.00000,0.00000),(0.00000,0.00000),(0.00000,0.00000),(0.00000,0.00000),(0.00000,0.00000),(0.00000,0.00000),(0.00000,0.00000),(0.00000,0.00000),(0.00000,0.00000),(0.00000,0.00000),(0.00000,0.00000),(0.00000,0.00000),(0.00000,0.00000),(0.00000,0.00000),(0.00000,0.00000),(0.00000,0.00000),(0.00000,0.00000),(0.00000,0.00000),(0.00000,0.00000),(0.00000,0.00000),(0.00000,0.00000),(0.00000,0.00000),(0.00000,0.00000),(0.00000,0.00000),(0.00000,0.00000),(0.00000,0.00000),(0.00000,0.00000),(0.00000,0.00000),(0.00000,0.00000),(0.00000,0.00000),(0.00000,0.00000),(0.00000,0.00000),(0.00000,0.00000),(0.00000,0.00000)
(0.00000,0.00000),(0.00000,0.00000),(0.00000,0.00000),(0.00000,0.00000),(0.00000,0.00000),(0.00000,0.00000),(0.00000,0.00000),(0.00000,0.00000),(0.00000,0.00000),(0.00000,0.00000),(0.00000,0.00000),(1117484540.02729,0.00000),(0.00000,0.00000),(0.00000,0.00000),(0.00000,0.00000),(107530000000.00000,0.00000),(680079433.59581,0.00000),(0.00000,0.00000),(860240000.00000,0.00000),(0.00000,0.00000),(0.00000,0.00000),(0.00000,0.00000),(0.00000,0.00000),(0.00000,0.00000),(0.00000,0.00000),(0.00000,0.00000),(0.00000,0.00000),(0.00000,0.00000),(0.00000,0.00000),(0.00000,0.00000),(0.00000,0.00000),(0.00000,0.00000),(0.00000,0.00000),(0.00000,0.00000),(0.00000,0.00000),(0.00000,0.00000),(0.00000,0.00000),(0.00000,0.00000),(0.00000,0.00000),(0.00000,0.00000),(0.00000,0.00000),(0.00000,0.00000),(0.00000,0.00000),(0.00000,0.00000),(0.00000,0.00000),(0.00000,0.00000),(0.00000,0.00000),(0.00000,0.00000),(0.00000,0.00000),(0.00000,0.00000),(0.00000,0.00000),(0.00000,0.00000),(0.00000,0.00000),(0.00000,0.00000),(0.00000,0.00000),(0.00000,0.00000)
(0.00000,0.00000),(0.00000,0.00000),(0.00000,0.00000),(0.00000,0.00000),(0.00000,0.00000),(0.00000,0.00000),(0.00000,0.00000),(0.00000,0.00000),(0.00000,0.00000),(0.00000,0.00000),(0.00000,0.00000),(0.00000,0.00000),(912422306.17187,0.00000),(0.00000,0.00000),(0.00000,0.00000),(680079433.59581,0.00000),(107530000000.00000,0.00000),(608281537.44792,0.00000),(0.00000,0.00000),(608281537.44792,0.00000),(0.00000,0.00000),(0.00000,0.00000),(0.00000,0.00000),(0.00000,0.00000),(0.00000,0.00000),(0.00000,0.00000),(0.00000,0.00000),(0.00000,0.00000),(0.00000,0.00000),(0.00000,0.00000),(0.00000,0.00000),(0.00000,0.00000),(0.00000,0.00000),(0.00000,0.00000),(0.00000,0.00000),(0.00000,0.00000),(0.00000,0.00000),(0.00000,0.00000),(0.00000,0.00000),(0.00000,0.00000),(0.00000,0.00000),(0.00000,0.00000),(0.00000,0.00000),(0.00000,0.00000),(0.00000,0.00000),(0.00000,0.00000),(0.00000,0.00000),(0.00000,0.00000),(0.00000,0.00000),(0.00000,0.00000),(0.00000,0.00000),(0.00000,0.00000),(0.00000,0.00000),(0.00000,0.00000),(0.00000,0.00000),(0.00000,0.00000)
(0.00000,0.00000),(0.00000,0.00000),(0.00000,0.00000),(0.00000,0.00000),(0.00000,0.00000),(0.00000,0.00000),(0.00000,0.00000),(0.00000,0.00000),(0.00000,0.00000),(0.00000,0.00000),(0.00000,0.00000),(0.00000,0.00000),(0.00000,0.00000),(645180000.00000,0.00000),(0.00000,0.00000),(0.00000,0.00000),(608281537.44792,0.00000),(107530000000.00000,0.00000),(0.00000,0.00000),(0.00000,0.00000),(0.00000,0.00000),(0.00000,0.00000),(0.00000,0.00000),(0.00000,0.00000),(0.00000,0.00000),(0.00000,0.00000),(0.00000,0.00000),(0.00000,0.00000),(0.00000,0.00000),(0.00000,0.00000),(0.00000,0.00000),(0.00000,0.00000),(0.00000,0.00000),(0.00000,0.00000),(0.00000,0.00000),(0.00000,0.00000),(0.00000,0.00000),(0.00000,0.00000),(0.00000,0.00000),(0.00000,0.00000),(0.00000,0.00000),(0.00000,0.00000),(0.00000,0.00000),(0.00000,0.00000),(0.00000,0.00000),(0.00000,0.00000),(0.00000,0.00000),(0.00000,0.00000),(0.00000,0.00000),(0.00000,0.00000),(0.00000,0.00000),(0.00000,0.00000),(0.00000,0.00000),(0.00000,0.00000),(0.00000,0.00000),(0.00000,0.00000)
(0.00000,0.00000),(0.00000,0.00000),(0.00000,0.00000),(0.00000,0.00000),(0.00000,0.00000),(0.00000,0.00000),(0.00000,0.00000),(0.00000,0.00000),(0.00000,0.00000),(0.00000,0.00000),(0.00000,0.00000),(0.00000,0.00000),(0.00000,0.00000),(0.00000,0.00000),(0.00000,0.00000),(860240000.00000,0.00000),(0.00000,0.00000),(0.00000,0.00000),(107530000000.00000,0.00000),(480888779.24110,0.00000),(480888779.24110,0.00000),(0.00000,0.00000),(0.00000,0.00000),(0.00000,0.00000),(0.00000,0.00000),(0.00000,0.00000),(0.00000,0.00000),(0.00000,0.00000),(0.00000,0.00000),(0.00000,0.00000),(0.00000,0.00000),(0.00000,0.00000),(0.00000,0.00000),(0.00000,0.00000),(0.00000,0.00000),(0.00000,0.00000),(0.00000,0.00000),(0.00000,0.00000),(0.00000,0.00000),(0.00000,0.00000),(0.00000,0.00000),(0.00000,0.00000),(0.00000,0.00000),(0.00000,0.00000),(0.00000,0.00000),(0.00000,0.00000),(0.00000,0.00000),(0.00000,0.00000),(0.00000,0.00000),(0.00000,0.00000),(0.00000,0.00000),(0.00000,0.00000),(0.00000,0.00000),(0.00000,0.00000),(0.00000,0.00000),(0.00000,0.00000)
(0.00000,0.00000),(0.00000,0.00000),(0.00000,0.00000),(0.00000,0.00000),(0.00000,0.00000),(0.00000,0.00000),(0.00000,0.00000),(0.00000,0.00000),(0.00000,0.00000),(0.00000,0.00000),(0.00000,0.00000),(0.00000,0.00000),(0.00000,0.00000),(0.00000,0.00000),(0.00000,0.00000),(0.00000,0.00000),(608281537.44792,0.00000),(0.00000,0.00000),(480888779.24110,0.00000),(107530000000.00000,0.00000),(0.00000,0.00000),(0.00000,0.00000),(0.00000,0.00000),(0.00000,0.00000),(0.00000,0.00000),(0.00000,0.00000),(0.00000,0.00000),(0.00000,0.00000),(0.00000,0.00000),(0.00000,0.00000),(0.00000,0.00000),(0.00000,0.00000),(0.00000,0.00000),(0.00000,0.00000),(0.00000,0.00000),(0.00000,0.00000),(0.00000,0.00000),(0.00000,0.00000),(0.00000,0.00000),(0.00000,0.00000),(0.00000,0.00000),(0.00000,0.00000),(0.00000,0.00000),(0.00000,0.00000),(0.00000,0.00000),(0.00000,0.00000),(0.00000,0.00000),(0.00000,0.00000),(0.00000,0.00000),(0.00000,0.00000),(0.00000,0.00000),(0.00000,0.00000),(0.00000,0.00000),(0.00000,0.00000),(0.00000,0.00000),(0.00000,0.00000)
(0.00000,0.00000),(0.00000,0.00000),(0.00000,0.00000),(0.00000,0.00000),(0.00000,0.00000),(0.00000,0.00000),(0.00000,0.00000),(0.00000,0.00000),(0.00000,0.00000),(0.00000,0.00000),(0.00000,0.00000),(0.00000,0.00000),(0.00000,0.00000),(0.00000,0.00000),(0.00000,0.00000),(0.00000,0.00000),(0.00000,0.00000),(0.00000,0.00000),(480888779.24110,0.00000),(0.00000,0.00000),(107530000000.00000,0.00000),(0.00000,0.00000),(0.00000,0.00000),(0.00000,0.00000),(0.00000,0.00000),(0.00000,0.00000),(0.00000,0.00000),(0.00000,0.00000),(0.00000,0.00000),(0.00000,0.00000),(0.00000,0.00000),(0.00000,0.00000),(0.00000,0.00000),(0.00000,0.00000),(0.00000,0.00000),(0.00000,0.00000),(0.00000,0.00000),(0.00000,0.00000),(0.00000,0.00000),(0.00000,0.00000),(0.00000,0.00000),(0.00000,0.00000),(0.00000,0.00000),(0.00000,0.00000),(0.00000,0.00000),(0.00000,0.00000),(0.00000,0.00000),(0.00000,0.00000),(0.00000,0.00000),(0.00000,0.00000),(0.00000,0.00000),(0.00000,0.00000),(0.00000,0.00000),(0.00000,0.00000),(0.00000,0.00000),(0.00000,0.00000)
(0.00000,0.00000),(0.00000,0.00000),(0.00000,0.00000),(0.00000,0.00000),(0.00000,0.00000),(0.00000,0.00000),(0.00000,0.00000),(0.00000,0.00000),(0.00000,0.00000),(0.00000,0.00000),(0.00000,0.00000),(0.00000,0.00000),(0.00000,0.00000),(0.00000,0.00000),(0.00000,0.00000),(0.00000,0.00000),(0.00000,0.00000),(0.00000,0.00000),(0.00000,0.00000),(0.00000,0.00000),(0.00000,0.00000),(86024000000.00000,0.00000),(961777558.48221,0.00000),(0.00000,0.00000),(0.00000,0.00000),(0.00000,0.00000),(961777558.48221,0.00000),(0.00000,0.00000),(0.00000,0.00000),(0.00000,0.00000),(0.00000,0.00000),(0.00000,0.00000),(0.00000,0.00000),(0.00000,0.00000),(0.00000,0.00000),(0.00000,0.00000),(0.00000,0.00000),(0.00000,0.00000),(0.00000,0.00000),(0.00000,0.00000),(0.00000,0.00000),(0.00000,0.00000),(0.00000,0.00000),(0.00000,0.00000),(0.00000,0.00000),(0.00000,0.00000),(0.00000,0.00000),(0.00000,0.00000),(0.00000,0.00000),(0.00000,0.00000),(0.00000,0.00000),(0.00000,0.00000),(0.00000,0.00000),(0.00000,0.00000),(0.00000,0.00000),(0.00000,0.00000)
(0.00000,0.00000),(0.00000,0.00000),(0.00000,0.00000),(0.00000,0.00000),(0.00000,0.00000),(0.00000,0.00000),(0.00000,0.00000),(0.00000,0.00000),(0.00000,0.00000),(0.00000,0.00000),(0.00000,0.00000),(0.00000,0.00000),(0.00000,0.00000),(0.00000,0.00000),(0.00000,0.00000),(0.00000,0.00000),(0.00000,0.00000),(0.00000,0.00000),(0.00000,0.00000),(0.00000,0.00000),(0.00000,0.00000),(961777558.48221,0.00000),(86024000000.00000,0.00000),(1053574528.16590,0.00000),(0.00000,0.00000),(0.00000,0.00000),(0.00000,0.00000),(832923798.43537,0.00000),(0.00000,0.00000),(0.00000,0.00000),(0.00000,0.00000),(0.00000,0.00000),(0.00000,0.00000),(0.00000,0.00000),(0.00000,0.00000),(0.00000,0.00000),(0.00000,0.00000),(0.00000,0.00000),(0.00000,0.00000),(0.00000,0.00000),(0.00000,0.00000),(0.00000,0.00000),(0.00000,0.00000),(0.00000,0.00000),(0.00000,0.00000),(0.00000,0.00000),(0.00000,0.00000),(0.00000,0.00000),(0.00000,0.00000),(0.00000,0.00000),(0.00000,0.00000),(0.00000,0.00000),(0.00000,0.00000),(0.00000,0.00000),(0.00000,0.00000),(0.00000,0.00000)
(0.00000,0.00000),(0.00000,0.00000),(0.00000,0.00000),(0.00000,0.00000),(0.00000,0.00000),(0.00000,0.00000),(0.00000,0.00000),(0.00000,0.00000),(0.00000,0.00000),(0.00000,0.00000),(0.00000,0.00000),(0.00000,0.00000),(0.00000,0.00000),(0.00000,0.00000),(0.00000,0.00000),(0.00000,0.00000),(0.00000,0.00000),(0.00000,0.00000),(0.00000,0.00000),(0.00000,0.00000),(0.00000,0.00000),(0.00000,0.00000),(1053574528.16590,0.00000),(86024000000.00000,0.00000),(912422306.17187,0.00000),(0.00000,0.00000),(0.00000,0.00000),(0.00000,0.00000),(680079433.59581,0.00000),(0.00000,0.00000),(0.00000,0.00000),(0.00000,0.00000),(0.00000,0.00000),(0.00000,0.00000),(0.00000,0.00000),(0.00000,0.00000),(0.00000,0.00000),(0.00000,0.00000),(0.00000,0.00000),(0.00000,0.00000),(0.00000,0.00000),(0.00000,0.00000),(0.00000,0.00000),(0.00000,0.00000),(0.00000,0.00000),(0.00000,0.00000),(0.00000,0.00000),(0.00000,0.00000),(0.00000,0.00000),(0.00000,0.00000),(0.00000,0.00000),(0.00000,0.00000),(0.00000,0.00000),(0.00000,0.00000),(0.00000,0.00000),(0.00000,0.00000)
(0.00000,0.00000),(0.00000,0.00000),(0.00000,0.00000),(0.00000,0.00000),(0.00000,0.00000),(0.00000,0.00000),(0.00000,0.00000),(0.00000,0.00000),(0.00000,0.00000),(0.00000,0.00000),(0.00000,0.00000),(0.00000,0.00000),(0.00000,0.00000),(0.00000,0.00000),(0.00000,0.00000),(0.00000,0.00000),(0.00000,0.00000),(0.00000,0.00000),(0.00000,0.00000),(0.00000,0.00000),(0.00000,0.00000),(0.00000,0.00000),(0.00000,0.00000),(912422306.17187,0.00000),(86024000000.00000,0.00000),(608281537.44792,0.00000),(0.00000,0.00000),(0.00000,0.00000),(0.00000,0.00000),(480888779.24110,0.00000),(0.00000,0.00000),(0.00000,0.00000),(0.00000,0.00000),(0.00000,0.00000),(0.00000,0.00000),(0.00000,0.00000),(0.00000,0.00000),(0.00000,0.00000),(0.00000,0.00000),(0.00000,0.00000),(0.00000,0.00000),(0.00000,0.00000),(0.00000,0.00000),(0.00000,0.00000),(0.00000,0.00000),(0.00000,0.00000),(0.00000,0.00000),(0.00000,0.00000),(0.00000,0.00000),(0.00000,0.00000),(0.00000,0.00000),(0.00000,0.00000),(0.00000,0.00000),(0.00000,0.00000),(0.00000,0.00000),(0.00000,0.00000)
(0.00000,0.00000),(0.00000,0.00000),(0.00000,0.00000),(0.00000,0.00000),(0.00000,0.00000),(0.00000,0.00000),(0.00000,0.00000),(0.00000,0.00000),(0.00000,0.00000),(0.00000,0.00000),(0.00000,0.00000),(0.00000,0.00000),(0.00000,0.00000),(0.00000,0.00000),(0.00000,0.00000),(0.00000,0.00000),(0.00000,0.00000),(0.00000,0.00000),(0.00000,0.00000),(0.00000,0.00000),(0.00000,0.00000),(0.00000,0.00000),(0.00000,0.00000),(0.00000,0.00000),(608281537.44792,0.00000),(86024000000.00000,0.00000),(0.00000,0.00000),(0.00000,0.00000),(0.00000,0.00000),(0.00000,0.00000),(0.00000,0.00000),(0.00000,0.00000),(0.00000,0.00000),(0.00000,0.00000),(0.00000,0.00000),(0.00000,0.00000),(0.00000,0.00000),(0.00000,0.00000),(0.00000,0.00000),(0.00000,0.00000),(0.00000,0.00000),(0.00000,0.00000),(0.00000,0.00000),(0.00000,0.00000),(0.00000,0.00000),(0.00000,0.00000),(0.00000,0.00000),(0.00000,0.00000),(0.00000,0.00000),(0.00000,0.00000),(0.00000,0.00000),(0.00000,0.00000),(0.00000,0.00000),(0.00000,0.00000),(0.00000,0.00000),(0.00000,0.00000)
(0.00000,0.00000),(0.00000,0.00000),(0.00000,0.00000),(0.00000,0.00000),(0.00000,0.00000),(0.00000,0.00000),(0.00000,0.00000),(0.00000,0.00000),(0.00000,0.00000),(0.00000,0.00000),(0.00000,0.00000),(0.00000,0.00000),(0.00000,0.00000),(0.00000,0.00000),(0.00000,0.00000),(0.00000,0.00000),(0.00000,0.00000),(0.00000,0.00000),(0.00000,0.00000),(0.00000,0.00000),(0.00000,0.00000),(961777558.48221,0.00000),(0.00000,0.00000),(0.00000,0.00000),(0.00000,0.00000),(0.00000,0.00000),(86024000000.00000,0.00000),(832923798.43537,0.00000),(0.00000,0.00000),(0.00000,0.00000),(1053574528.16590,0.00000),(0.00000,0.00000),(0.00000,0.00000),(0.00000,0.00000),(0.00000,0.00000),(0.00000,0.00000),(0.00000,0.00000),(0.00000,0.00000),(0.00000,0.00000),(0.00000,0.00000),(0.00000,0.00000),(0.00000,0.00000),(0.00000,0.00000),(0.00000,0.00000),(0.00000,0.00000),(0.00000,0.00000),(0.00000,0.00000),(0.00000,0.00000),(0.00000,0.00000),(0.00000,0.00000),(0.00000,0.00000),(0.00000,0.00000),(0.00000,0.00000),(0.00000,0.00000),(0.00000,0.00000),(0.00000,0.00000)
(0.00000,0.00000),(0.00000,0.00000),(0.00000,0.00000),(0.00000,0.00000),(0.00000,0.00000),(0.00000,0.00000),(0.00000,0.00000),(0.00000,0.00000),(0.00000,0.00000),(0.00000,0.00000),(0.00000,0.00000),(0.00000,0.00000),(0.00000,0.00000),(0.00000,0.00000),(0.00000,0.00000),(0.00000,0.00000),(0.00000,0.00000),(0.00000,0.00000),(0.00000,0.00000),(0.00000,0.00000),(0.00000,0.00000),(0.00000,0.00000),(832923798.43537,0.00000),(0.00000,0.00000),(0.00000,0.00000),(0.00000,0.00000),(832923798.43537,0.00000),(86024000000.00000,0.00000),(860240000.00000,0.00000),(0.00000,0.00000),(0.00000,0.00000),(860240000.00000,0.00000),(0.00000,0.00000),(0.00000,0.00000),(0.00000,0.00000),(0.00000,0.00000),(0.00000,0.00000),(0.00000,0.00000),(0.00000,0.00000),(0.00000,0.00000),(0.00000,0.00000),(0.00000,0.00000),(0.00000,0.00000),(0.00000,0.00000),(0.00000,0.00000),(0.00000,0.00000),(0.00000,0.00000),(0.00000,0.00000),(0.00000,0.00000),(0.00000,0.00000),(0.00000,0.00000),(0.00000,0.00000),(0.00000,0.00000),(0.00000,0.00000),(0.00000,0.00000),(0.00000,0.00000)
(0.00000,0.00000),(0.00000,0.00000),(0.00000,0.00000),(0.00000,0.00000),(0.00000,0.00000),(0.00000,0.00000),(0.00000,0.00000),(0.00000,0.00000),(0.00000,0.00000),(0.00000,0.00000),(0.00000,0.00000),(0.00000,0.00000),(0.00000,0.00000),(0.00000,0.00000),(0.00000,0.00000),(0.00000,0.00000),(0.00000,0.00000),(0.00000,0.00000),(0.00000,0.00000),(0.00000,0.00000),(0.00000,0.00000),(0.00000,0.00000),(0.00000,0.00000),(680079433.59581,0.00000),(0.00000,0.00000),(0.00000,0.00000),(0.00000,0.00000),(860240000.00000,0.00000),(86024000000.00000,0.00000),(645180000.00000,0.00000),(0.00000,0.00000),(0.00000,0.00000),(608281537.44792,0.00000),(0.00000,0.00000),(0.00000,0.00000),(0.00000,0.00000),(0.00000,0.00000),(0.00000,0.00000),(0.00000,0.00000),(0.00000,0.00000),(0.00000,0.00000),(0.00000,0.00000),(0.00000,0.00000),(0.00000,0.00000),(0.00000,0.00000),(0.00000,0.00000),(0.00000,0.00000),(0.00000,0.00000),(0.00000,0.00000),(0.00000,0.00000),(0.00000,0.00000),(0.00000,0.00000),(0.00000,0.00000),(0.00000,0.00000),(0.00000,0.00000),(0.00000,0.00000)
(0.00000,0.00000),(0.00000,0.00000),(0.00000,0.00000),(0.00000,0.00000),(0.00000,0.00000),(0.00000,0.00000),(0.00000,0.00000),(0.00000,0.00000),(0.00000,0.00000),(0.00000,0.00000),(0.00000,0.00000),(0.00000,0.00000),(0.00000,0.00000),(0.00000,0.00000),(0.00000,0.00000),(0.00000,0.00000),(0.00000,0.00000),(0.00000,0.00000),(0.00000,0.00000),(0.00000,0.00000),(0.00000,0.00000),(0.00000,0.00000),(0.00000,0.00000),(0.00000,0.00000),(480888779.24110,0.00000),(0.00000,0.00000),(0.00000,0.00000),(0.00000,0.00000),(645180000.00000,0.00000),(86024000000.00000,0.00000),(0.00000,0.00000),(0.00000,0.00000),(0.00000,0.00000),(0.00000,0.00000),(0.00000,0.00000),(0.00000,0.00000),(0.00000,0.00000),(0.00000,0.00000),(0.00000,0.00000),(0.00000,0.00000),(0.00000,0.00000),(0.00000,0.00000),(0.00000,0.00000),(0.00000,0.00000),(0.00000,0.00000),(0.00000,0.00000),(0.00000,0.00000),(0.00000,0.00000),(0.00000,0.00000),(0.00000,0.00000),(0.00000,0.00000),(0.00000,0.00000),(0.00000,0.00000),(0.00000,0.00000),(0.00000,0.00000),(0.00000,0.00000)
(0.00000,0.00000),(0.00000,0.00000),(0.00000,0.00000),(0.00000,0.00000),(0.00000,0.00000),(0.00000,0.00000),(0.00000,0.00000),(0.00000,0.00000),(0.00000,0.00000),(0.00000,0.00000),(0.00000,0.00000),(0.00000,0.00000),(0.00000,0.00000),(0.00000,0.00000),(0.00000,0.00000),(0.00000,0.00000),(0.00000,0.00000),(0.00000,0.00000),(0.00000,0.00000),(0.00000,0.00000),(0.00000,0.00000),(0.00000,0.00000),(0.00000,0.00000),(0.00000,0.00000),(0.00000,0.00000),(0.00000,0.00000),(1053574528.16590,0.00000),(0.00000,0.00000),(0.00000,0.00000),(0.00000,0.00000),(86024000000.00000,0.00000),(680079433.59581,0.00000),(0.00000,0.00000),(912422306.17187,0.00000),(0.00000,0.00000),(0.00000,0.00000),(0.00000,0.00000),(0.00000,0.00000),(0.00000,0.00000),(0.00000,0.00000),(0.00000,0.00000),(0.00000,0.00000),(0.00000,0.00000),(0.00000,0.00000),(0.00000,0.00000),(0.00000,0.00000),(0.00000,0.00000),(0.00000,0.00000),(0.00000,0.00000),(0.00000,0.00000),(0.00000,0.00000),(0.00000,0.00000),(0.00000,0.00000),(0.00000,0.00000),(0.00000,0.00000),(0.00000,0.00000)
(0.00000,0.00000),(0.00000,0.00000),(0.00000,0.00000),(0.00000,0.00000),(0.00000,0.00000),(0.00000,0.00000),(0.00000,0.00000),(0.00000,0.00000),(0.00000,0.00000),(0.00000,0.00000),(0.00000,0.00000),(0.00000,0.00000),(0.00000,0.00000),(0.00000,0.00000),(0.00000,0.00000),(0.00000,0.00000),(0.00000,0.00000),(0.00000,0.00000),(0.00000,0.00000),(0.00000,0.00000),(0.00000,0.00000),(0.00000,0.00000),(0.00000,0.00000),(0.00000,0.00000),(0.00000,0.00000),(0.00000,0.00000),(0.00000,0.00000),(860240000.00000,0.00000),(0.00000,0.00000),(0.00000,0.00000),(680079433.59581,0.00000),(86024000000.00000,0.00000),(608281537.44792,0.00000),(0.00000,0.00000),(645180000.00000,0.00000),(0.00000,0.00000),(0.00000,0.00000),(0.00000,0.00000),(0.00000,0.00000),(0.00000,0.00000),(0.00000,0.00000),(0.00000,0.00000),(0.00000,0.00000),(0.00000,0.00000),(0.00000,0.00000),(0.00000,0.00000),(0.00000,0.00000),(0.00000,0.00000),(0.00000,0.00000),(0.00000,0.00000),(0.00000,0.00000),(0.00000,0.00000),(0.00000,0.00000),(0.00000,0.00000),(0.00000,0.00000),(0.00000,0.00000)
(0.00000,0.00000),(0.00000,0.00000),(0.00000,0.00000),(0.00000,0.00000),(0.00000,0.00000),(0.00000,0.00000),(0.00000,0.00000),(0.00000,0.00000),(0.00000,0.00000),(0.00000,0.00000),(0.00000,0.00000),(0.00000,0.00000),(0.00000,0.00000),(0.00000,0.00000),(0.00000,0.00000),(0.00000,0.00000),(0.00000,0.00000),(0.00000,0.00000),(0.00000,0.00000),(0.00000,0.00000),(0.00000,0.00000),(0.00000,0.00000),(0.00000,0.00000),(0.00000,0.00000),(0.00000,0.00000),(0.00000,0.00000),(0.00000,0.00000),(0.00000,0.00000),(608281537.44792,0.00000),(0.00000,0.00000),(0.00000,0.00000),(608281537.44792,0.00000),(86024000000.00000,0.00000),(0.00000,0.00000),(0.00000,0.00000),(0.00000,0.00000),(0.00000,0.00000),(0.00000,0.00000),(0.00000,0.00000),(0.00000,0.00000),(0.00000,0.00000),(0.00000,0.00000),(0.00000,0.00000),(0.00000,0.00000),(0.00000,0.00000),(0.00000,0.00000),(0.00000,0.00000),(0.00000,0.00000),(0.00000,0.00000),(0.00000,0.00000),(0.00000,0.00000),(0.00000,0.00000),(0.00000,0.00000),(0.00000,0.00000),(0.00000,0.00000),(0.00000,0.00000)
(0.00000,0.00000),(0.00000,0.00000),(0.00000,0.00000),(0.00000,0.00000),(0.00000,0.00000),(0.00000,0.00000),(0.00000,0.00000),(0.00000,0.00000),(0.00000,0.00000),(0.00000,0.00000),(0.00000,0.00000),(0.00000,0.00000),(0.00000,0.00000),(0.00000,0.00000),(0.00000,0.00000),(0.00000,0.00000),(0.00000,0.00000),(0.00000,0.00000),(0.00000,0.00000),(0.00000,0.00000),(0.00000,0.00000),(0.00000,0.00000),(0.00000,0.00000),(0.00000,0.00000),(0.00000,0.00000),(0.00000,0.00000),(0.00000,0.00000),(0.00000,0.00000),(0.00000,0.00000),(0.00000,0.00000),(912422306.17187,0.00000),(0.00000,0.00000),(0.00000,0.00000),(86024000000.00000,0.00000),(480888779.24110,0.00000),(608281537.44792,0.00000),(0.00000,0.00000),(0.00000,0.00000),(0.00000,0.00000),(0.00000,0.00000),(0.00000,0.00000),(0.00000,0.00000),(0.00000,0.00000),(0.00000,0.00000),(0.00000,0.00000),(0.00000,0.00000),(0.00000,0.00000),(0.00000,0.00000),(0.00000,0.00000),(0.00000,0.00000),(0.00000,0.00000),(0.00000,0.00000),(0.00000,0.00000),(0.00000,0.00000),(0.00000,0.00000),(0.00000,0.00000)
(0.00000,0.00000),(0.00000,0.00000),(0.00000,0.00000),(0.00000,0.00000),(0.00000,0.00000),(0.00000,0.00000),(0.00000,0.00000),(0.00000,0.00000),(0.00000,0.00000),(0.00000,0.00000),(0.00000,0.00000),(0.00000,0.00000),(0.00000,0.00000),(0.00000,0.00000),(0.00000,0.00000),(0.00000,0.00000),(0.00000,0.00000),(0.00000,0.00000),(0.00000,0.00000),(0.00000,0.00000),(0.00000,0.00000),(0.00000,0.00000),(0.00000,0.00000),(0.00000,0.00000),(0.00000,0.00000),(0.00000,0.00000),(0.00000,0.00000),(0.00000,0.00000),(0.00000,0.00000),(0.00000,0.00000),(0.00000,0.00000),(645180000.00000,0.00000),(0.00000,0.00000),(480888779.24110,0.00000),(86024000000.00000,0.00000),(0.00000,0.00000),(0.00000,0.00000),(0.00000,0.00000),(0.00000,0.00000),(0.00000,0.00000),(0.00000,0.00000),(0.00000,0.00000),(0.00000,0.00000),(0.00000,0.00000),(0.00000,0.00000),(0.00000,0.00000),(0.00000,0.00000),(0.00000,0.00000),(0.00000,0.00000),(0.00000,0.00000),(0.00000,0.00000),(0.00000,0.00000),(0.00000,0.00000),(0.00000,0.00000),(0.00000,0.00000),(0.00000,0.00000)
(0.00000,0.00000),(0.00000,0.00000),(0.00000,0.00000),(0.00000,0.00000),(0.00000,0.00000),(0.00000,0.00000),(0.00000,0.00000),(0.00000,0.00000),(0.00000,0.00000),(0.00000,0.00000),(0.00000,0.00000),(0.00000,0.00000),(0.00000,0.00000),(0.00000,0.00000),(0.00000,0.00000),(0.00000,0.00000),(0.00000,0.00000),(0.00000,0.00000),(0.00000,0.00000),(0.00000,0.00000),(0.00000,0.00000),(0.00000,0.00000),(0.00000,0.00000),(0.00000,0.00000),(0.00000,0.00000),(0.00000,0.00000),(0.00000,0.00000),(0.00000,0.00000),(0.00000,0.00000),(0.00000,0.00000),(0.00000,0.00000),(0.00000,0.00000),(0.00000,0.00000),(608281537.44792,0.00000),(0.00000,0.00000),(86024000000.00000,0.00000),(0.00000,0.00000),(0.00000,0.00000),(0.00000,0.00000),(0.00000,0.00000),(0.00000,0.00000),(0.00000,0.00000),(0.00000,0.00000),(0.00000,0.00000),(0.00000,0.00000),(0.00000,0.00000),(0.00000,0.00000),(0.00000,0.00000),(0.00000,0.00000),(0.00000,0.00000),(0.00000,0.00000),(0.00000,0.00000),(0.00000,0.00000),(0.00000,0.00000),(0.00000,0.00000),(0.00000,0.00000)
(0.00000,0.00000),(0.00000,0.00000),(0.00000,0.00000),(0.00000,0.00000),(0.00000,0.00000),(0.00000,0.00000),(0.00000,0.00000),(0.00000,0.00000),(0.00000,0.00000),(0.00000,0.00000),(0.00000,0.00000),(0.00000,0.00000),(0.00000,0.00000),(0.00000,0.00000),(0.00000,0.00000),(0.00000,0.00000),(0.00000,0.00000),(0.00000,0.00000),(0.00000,0.00000),(0.00000,0.00000),(0.00000,0.00000),(0.00000,0.00000),(0.00000,0.00000),(0.00000,0.00000),(0.00000,0.00000),(0.00000,0.00000),(0.00000,0.00000),(0.00000,0.00000),(0.00000,0.00000),(0.00000,0.00000),(0.00000,0.00000),(0.00000,0.00000),(0.00000,0.00000),(0.00000,0.00000),(0.00000,0.00000),(0.00000,0.00000),(64518000000.00000,0.00000),(832923798.43537,0.00000),(0.00000,0.00000),(0.00000,0.00000),(832923798.43537,0.00000),(0.00000,0.00000),(0.00000,0.00000),(0.00000,0.00000),(0.00000,0.00000),(0.00000,0.00000),(0.00000,0.00000),(0.00000,0.00000),(0.00000,0.00000),(0.00000,0.00000),(0.00000,0.00000),(0.00000,0.00000),(0.00000,0.00000),(0.00000,0.00000),(0.00000,0.00000),(0.00000,0.00000)
(0.00000,0.00000),(0.00000,0.00000),(0.00000,0.00000),(0.00000,0.00000),(0.00000,0.00000),(0.00000,0.00000),(0.00000,0.00000),(0.00000,0.00000),(0.00000,0.00000),(0.00000,0.00000),(0.00000,0.00000),(0.00000,0.00000),(0.00000,0.00000),(0.00000,0.00000),(0.00000,0.00000),(0.00000,0.00000),(0.00000,0.00000),(0.00000,0.00000),(0.00000,0.00000),(0.00000,0.00000),(0.00000,0.00000),(0.00000,0.00000),(0.00000,0.00000),(0.00000,0.00000),(0.00000,0.00000),(0.00000,0.00000),(0.00000,0.00000),(0.00000,0.00000),(0.00000,0.00000),(0.00000,0.00000),(0.00000,0.00000),(0.00000,0.00000),(0.00000,0.00000),(0.00000,0.00000),(0.00000,0.00000),(0.00000,0.00000),(832923798.43537,0.00000),(64518000000.00000,0.00000),(860240000.00000,0.00000),(0.00000,0.00000),(0.00000,0.00000),(680079433.59581,0.00000),(0.00000,0.00000),(0.00000,0.00000),(0.00000,0.00000),(0.00000,0.00000),(0.00000,0.00000),(0.00000,0.00000),(0.00000,0.00000),(0.00000,0.00000),(0.00000,0.00000),(0.00000,0.00000),(0.00000,0.00000),(0.00000,0.00000),(0.00000,0.00000),(0.00000,0.00000)
(0.00000,0.00000),(0.00000,0.00000),(0.00000,0.00000),(0.00000,0.00000),(0.00000,0.00000),(0.00000,0.00000),(0.00000,0.00000),(0.00000,0.00000),(0.00000,0.00000),(0.00000,0.00000),(0.00000,0.00000),(0.00000,0.00000),(0.00000,0.00000),(0.00000,0.00000),(0.00000,0.00000),(0.00000,0.00000),(0.00000,0.00000),(0.00000,0.00000),(0.00000,0.00000),(0.00000,0.00000),(0.00000,0.00000),(0.00000,0.00000),(0.00000,0.00000),(0.00000,0.00000),(0.00000,0.00000),(0.00000,0.00000),(0.00000,0.00000),(0.00000,0.00000),(0.00000,0.00000),(0.00000,0.00000),(0.00000,0.00000),(0.00000,0.00000),(0.00000,0.00000),(0.00000,0.00000),(0.00000,0.00000),(0.00000,0.00000),(0.00000,0.00000),(860240000.00000,0.00000),(64518000000.00000,0.00000),(645180000.00000,0.00000),(0.00000,0.00000),(0.00000,0.00000),(480888779.24110,0.00000),(0.00000,0.00000),(0.00000,0.00000),(0.00000,0.00000),(0.00000,0.00000),(0.00000,0.00000),(0.00000,0.00000),(0.00000,0.00000),(0.00000,0.00000),(0.00000,0.00000),(0.00000,0.00000),(0.00000,0.00000),(0.00000,0.00000),(0.00000,0.00000)
(0.00000,0.00000),(0.00000,0.00000),(0.00000,0.00000),(0.00000,0.00000),(0.00000,0.00000),(0.00000,0.00000),(0.00000,0.00000),(0.00000,0.00000),(0.00000,0.00000),(0.00000,0.00000),(0.00000,0.00000),(0.00000,0.00000),(0.00000,0.00000),(0.00000,0.00000),(0.00000,0.00000),(0.00000,0.00000),(0.00000,0.00000),(0.00000,0.00000),(0.00000,0.00000),(0.00000,0.00000),(0.00000,0.00000),(0.00000,0.00000),(0.00000,0.00000),(0.00000,0.00000),(0.00000,0.00000),(0.00000,0.00000),(0.00000,0.00000),(0.00000,0.00000),(0.00000,0.00000),(0.00000,0.00000),(0.00000,0.00000),(0.00000,0.00000),(0.00000,0.00000),(0.00000,0.00000),(0.00000,0.00000),(0.00000,0.00000),(0.00000,0.00000),(0.00000,0.00000),(645180000.00000,0.00000),(64518000000.00000,0.00000),(0.00000,0.00000),(0.00000,0.00000),(0.00000,0.00000),(0.00000,0.00000),(0.00000,0.00000),(0.00000,0.00000),(0.00000,0.00000),(0.00000,0.00000),(0.00000,0.00000),(0.00000,0.00000),(0.00000,0.00000),(0.00000,0.00000),(0.00000,0.00000),(0.00000,0.00000),(0.00000,0.00000),(0.00000,0.00000)
(0.00000,0.00000),(0.00000,0.00000),(0.00000,0.00000),(0.00000,0.00000),(0.00000,0.00000),(0.00000,0.00000),(0.00000,0.00000),(0.00000,0.00000),(0.00000,0.00000),(0.00000,0.00000),(0.00000,0.00000),(0.00000,0.00000),(0.00000,0.00000),(0.00000,0.00000),(0.00000,0.00000),(0.00000,0.00000),(0.00000,0.00000),(0.00000,0.00000),(0.00000,0.00000),(0.00000,0.00000),(0.00000,0.00000),(0.00000,0.00000),(0.00000,0.00000),(0.00000,0.00000),(0.00000,0.00000),(0.00000,0.00000),(0.00000,0.00000),(0.00000,0.00000),(0.00000,0.00000),(0.00000,0.00000),(0.00000,0.00000),(0.00000,0.00000),(0.00000,0.00000),(0.00000,0.00000),(0.00000,0.00000),(0.00000,0.00000),(832923798.43537,0.00000),(0.00000,0.00000),(0.00000,0.00000),(0.00000,0.00000),(64518000000.00000,0.00000),(680079433.59581,0.00000),(0.00000,0.00000),(860240000.00000,0.00000),(0.00000,0.00000),(0.00000,0.00000),(0.00000,0.00000),(0.00000,0.00000),(0.00000,0.00000),(0.00000,0.00000),(0.00000,0.00000),(0.00000,0.00000),(0.00000,0.00000),(0.00000,0.00000),(0.00000,0.00000),(0.00000,0.00000)
(0.00000,0.00000),(0.00000,0.00000),(0.00000,0.00000),(0.00000,0.00000),(0.00000,0.00000),(0.00000,0.00000),(0.00000,0.00000),(0.00000,0.00000),(0.00000,0.00000),(0.00000,0.00000),(0.00000,0.00000),(0.00000,0.00000),(0.00000,0.00000),(0.00000,0.00000),(0.00000,0.00000),(0.00000,0.00000),(0.00000,0.00000),(0.00000,0.00000),(0.00000,0.00000),(0.00000,0.00000),(0.00000,0.00000),(0.00000,0.00000),(0.00000,0.00000),(0.00000,0.00000),(0.00000,0.00000),(0.00000,0.00000),(0.00000,0.00000),(0.00000,0.00000),(0.00000,0.00000),(0.00000,0.00000),(0.00000,0.00000),(0.00000,0.00000),(0.00000,0.00000),(0.00000,0.00000),(0.00000,0.00000),(0.00000,0.00000),(0.00000,0.00000),(680079433.59581,0.00000),(0.00000,0.00000),(0.00000,0.00000),(680079433.59581,0.00000),(64518000000.00000,0.00000),(608281537.44792,0.00000),(0.00000,0.00000),(608281537.44792,0.00000),(0.00000,0.00000),(0.00000,0.00000),(0.00000,0.00000),(0.00000,0.00000),(0.00000,0.00000),(0.00000,0.00000),(0.00000,0.00000),(0.00000,0.00000),(0.00000,0.00000),(0.00000,0.00000),(0.00000,0.00000)
(0.00000,0.00000),(0.00000,0.00000),(0.00000,0.00000),(0.00000,0.00000),(0.00000,0.00000),(0.00000,0.00000),(0.00000,0.00000),(0.00000,0.00000),(0.00000,0.00000),(0.00000,0.00000),(0.00000,0.00000),(0.00000,0.00000),(0.00000,0.00000),(0.00000,0.00000),(0.00000,0.00000),(0.00000,0.00000),(0.00000,0.00000),(0.00000,0.00000),(0.00000,0.00000),(0.00000,0.00000),(0.00000,0.00000),(0.00000,0.00000),(0.00000,0.00000),(0.00000,0.00000),(0.00000,0.00000),(0.00000,0.00000),(0.00000,0.00000),(0.00000,0.00000),(0.00000,0.00000),(0.00000,0.00000),(0.00000,0.00000),(0.00000,0.00000),(0.00000,0.00000),(0.00000,0.00000),(0.00000,0.00000),(0.00000,0.00000),(0.00000,0.00000),(0.00000,0.00000),(480888779.24110,0.00000),(0.00000,0.00000),(0.00000,0.00000),(608281537.44792,0.00000),(64518000000.00000,0.00000),(0.00000,0.00000),(0.00000,0.00000),(0.00000,0.00000),(0.00000,0.00000),(0.00000,0.00000),(0.00000,0.00000),(0.00000,0.00000),(0.00000,0.00000),(0.00000,0.00000),(0.00000,0.00000),(0.00000,0.00000),(0.00000,0.00000),(0.00000,0.00000)
(0.00000,0.00000),(0.00000,0.00000),(0.00000,0.00000),(0.00000,0.00000),(0.00000,0.00000),(0.00000,0.00000),(0.00000,0.00000),(0.00000,0.00000),(0.00000,0.00000),(0.00000,0.00000),(0.00000,0.00000),(0.00000,0.00000),(0.00000,0.00000),(0.00000,0.00000),(0.00000,0.00000),(0.00000,0.00000),(0.00000,0.00000),(0.00000,0.00000),(0.00000,0.00000),(0.00000,0.00000),(0.00000,0.00000),(0.00000,0.00000),(0.00000,0.00000),(0.00000,0.00000),(0.00000,0.00000),(0.00000,0.00000),(0.00000,0.00000),(0.00000,0.00000),(0.00000,0.00000),(0.00000,0.00000),(0.00000,0.00000),(0.00000,0.00000),(0.00000,0.00000),(0.00000,0.00000),(0.00000,0.00000),(0.00000,0.00000),(0.00000,0.00000),(0.00000,0.00000),(0.00000,0.00000),(0.00000,0.00000),(860240000.00000,0.00000),(0.00000,0.00000),(0.00000,0.00000),(64518000000.00000,0.00000),(480888779.24110,0.00000),(645180000.00000,0.00000),(0.00000,0.00000),(0.00000,0.00000),(0.00000,0.00000),(0.00000,0.00000),(0.00000,0.00000),(0.00000,0.00000),(0.00000,0.00000),(0.00000,0.00000),(0.00000,0.00000),(0.00000,0.00000)
(0.00000,0.00000),(0.00000,0.00000),(0.00000,0.00000),(0.00000,0.00000),(0.00000,0.00000),(0.00000,0.00000),(0.00000,0.00000),(0.00000,0.00000),(0.00000,0.00000),(0.00000,0.00000),(0.00000,0.00000),(0.00000,0.00000),(0.00000,0.00000),(0.00000,0.00000),(0.00000,0.00000),(0.00000,0.00000),(0.00000,0.00000),(0.00000,0.00000),(0.00000,0.00000),(0.00000,0.00000),(0.00000,0.00000),(0.00000,0.00000),(0.00000,0.00000),(0.00000,0.00000),(0.00000,0.00000),(0.00000,0.00000),(0.00000,0.00000),(0.00000,0.00000),(0.00000,0.00000),(0.00000,0.00000),(0.00000,0.00000),(0.00000,0.00000),(0.00000,0.00000),(0.00000,0.00000),(0.00000,0.00000),(0.00000,0.00000),(0.00000,0.00000),(0.00000,0.00000),(0.00000,0.00000),(0.00000,0.00000),(0.00000,0.00000),(608281537.44792,0.00000),(0.00000,0.00000),(480888779.24110,0.00000),(64518000000.00000,0.00000),(0.00000,0.00000),(0.00000,0.00000),(0.00000,0.00000),(0.00000,0.00000),(0.00000,0.00000),(0.00000,0.00000),(0.00000,0.00000),(0.00000,0.00000),(0.00000,0.00000),(0.00000,0.00000),(0.00000,0.00000)
(0.00000,0.00000),(0.00000,0.00000),(0.00000,0.00000),(0.00000,0.00000),(0.00000,0.00000),(0.00000,0.00000),(0.00000,0.00000),(0.00000,0.00000),(0.00000,0.00000),(0.00000,0.00000),(0.00000,0.00000),(0.00000,0.00000),(0.00000,0.00000),(0.00000,0.00000),(0.00000,0.00000),(0.00000,0.00000),(0.00000,0.00000),(0.00000,0.00000),(0.00000,0.00000),(0.00000,0.00000),(0.00000,0.00000),(0.00000,0.00000),(0.00000,0.00000),(0.00000,0.00000),(0.00000,0.00000),(0.00000,0.00000),(0.00000,0.00000),(0.00000,0.00000),(0.00000,0.00000),(0.00000,0.00000),(0.00000,0.00000),(0.00000,0.00000),(0.00000,0.00000),(0.00000,0.00000),(0.00000,0.00000),(0.00000,0.00000),(0.00000,0.00000),(0.00000,0.00000),(0.00000,0.00000),(0.00000,0.00000),(0.00000,0.00000),(0.00000,0.00000),(0.00000,0.00000),(645180000.00000,0.00000),(0.00000,0.00000),(64518000000.00000,0.00000),(0.00000,0.00000),(0.00000,0.00000),(0.00000,0.00000),(0.00000,0.00000),(0.00000,0.00000),(0.00000,0.00000),(0.00000,0.00000),(0.00000,0.00000),(0.00000,0.00000),(0.00000,0.00000)
(0.00000,0.00000),(0.00000,0.00000),(0.00000,0.00000),(0.00000,0.00000),(0.00000,0.00000),(0.00000,0.00000),(0.00000,0.00000),(0.00000,0.00000),(0.00000,0.00000),(0.00000,0.00000),(0.00000,0.00000),(0.00000,0.00000),(0.00000,0.00000),(0.00000,0.00000),(0.00000,0.00000),(0.00000,0.00000),(0.00000,0.00000),(0.00000,0.00000),(0.00000,0.00000),(0.00000,0.00000),(0.00000,0.00000),(0.00000,0.00000),(0.00000,0.00000),(0.00000,0.00000),(0.00000,0.00000),(0.00000,0.00000),(0.00000,0.00000),(0.00000,0.00000),(0.00000,0.00000),(0.00000,0.00000),(0.00000,0.00000),(0.00000,0.00000),(0.00000,0.00000),(0.00000,0.00000),(0.00000,0.00000),(0.00000,0.00000),(0.00000,0.00000),(0.00000,0.00000),(0.00000,0.00000),(0.00000,0.00000),(0.00000,0.00000),(0.00000,0.00000),(0.00000,0.00000),(0.00000,0.00000),(0.00000,0.00000),(0.00000,0.00000),(43012000000.00000,0.00000),(680079433.59581,0.00000),(0.00000,0.00000),(680079433.59581,0.00000),(0.00000,0.00000),(0.00000,0.00000),(0.00000,0.00000),(0.00000,0.00000),(0.00000,0.00000),(0.00000,0.00000)
(0.00000,0.00000),(0.00000,0.00000),(0.00000,0.00000),(0.00000,0.00000),(0.00000,0.00000),(0.00000,0.00000),(0.00000,0.00000),(0.00000,0.00000),(0.00000,0.00000),(0.00000,0.00000),(0.00000,0.00000),(0.00000,0.00000),(0.00000,0.00000),(0.00000,0.00000),(0.00000,0.00000),(0.00000,0.00000),(0.00000,0.00000),(0.00000,0.00000),(0.00000,0.00000),(0.00000,0.00000),(0.00000,0.00000),(0.00000,0.00000),(0.00000,0.00000),(0.00000,0.00000),(0.00000,0.00000),(0.00000,0.00000),(0.00000,0.00000),(0.00000,0.00000),(0.00000,0.00000),(0.00000,0.00000),(0.00000,0.00000),(0.00000,0.00000),(0.00000,0.00000),(0.00000,0.00000),(0.00000,0.00000),(0.00000,0.00000),(0.00000,0.00000),(0.00000,0.00000),(0.00000,0.00000),(0.00000,0.00000),(0.00000,0.00000),(0.00000,0.00000),(0.00000,0.00000),(0.00000,0.00000),(0.00000,0.00000),(0.00000,0.00000),(680079433.59581,0.00000),(43012000000.00000,0.00000),(608281537.44792,0.00000),(0.00000,0.00000),(480888779.24110,0.00000),(0.00000,0.00000),(0.00000,0.00000),(0.00000,0.00000),(0.00000,0.00000),(0.00000,0.00000)
(0.00000,0.00000),(0.00000,0.00000),(0.00000,0.00000),(0.00000,0.00000),(0.00000,0.00000),(0.00000,0.00000),(0.00000,0.00000),(0.00000,0.00000),(0.00000,0.00000),(0.00000,0.00000),(0.00000,0.00000),(0.00000,0.00000),(0.00000,0.00000),(0.00000,0.00000),(0.00000,0.00000),(0.00000,0.00000),(0.00000,0.00000),(0.00000,0.00000),(0.00000,0.00000),(0.00000,0.00000),(0.00000,0.00000),(0.00000,0.00000),(0.00000,0.00000),(0.00000,0.00000),(0.00000,0.00000),(0.00000,0.00000),(0.00000,0.00000),(0.00000,0.00000),(0.00000,0.00000),(0.00000,0.00000),(0.00000,0.00000),(0.00000,0.00000),(0.00000,0.00000),(0.00000,0.00000),(0.00000,0.00000),(0.00000,0.00000),(0.00000,0.00000),(0.00000,0.00000),(0.00000,0.00000),(0.00000,0.00000),(0.00000,0.00000),(0.00000,0.00000),(0.00000,0.00000),(0.00000,0.00000),(0.00000,0.00000),(0.00000,0.00000),(0.00000,0.00000),(608281537.44792,0.00000),(43012000000.00000,0.00000),(0.00000,0.00000),(0.00000,0.00000),(0.00000,0.00000),(0.00000,0.00000),(0.00000,0.00000),(0.00000,0.00000),(0.00000,0.00000)
(0.00000,0.00000),(0.00000,0.00000),(0.00000,0.00000),(0.00000,0.00000),(0.00000,0.00000),(0.00000,0.00000),(0.00000,0.00000),(0.00000,0.00000),(0.00000,0.00000),(0.00000,0.00000),(0.00000,0.00000),(0.00000,0.00000),(0.00000,0.00000),(0.00000,0.00000),(0.00000,0.00000),(0.00000,0.00000),(0.00000,0.00000),(0.00000,0.00000),(0.00000,0.00000),(0.00000,0.00000),(0.00000,0.00000),(0.00000,0.00000),(0.00000,0.00000),(0.00000,0.00000),(0.00000,0.00000),(0.00000,0.00000),(0.00000,0.00000),(0.00000,0.00000),(0.00000,0.00000),(0.00000,0.00000),(0.00000,0.00000),(0.00000,0.00000),(0.00000,0.00000),(0.00000,0.00000),(0.00000,0.00000),(0.00000,0.00000),(0.00000,0.00000),(0.00000,0.00000),(0.00000,0.00000),(0.00000,0.00000),(0.00000,0.00000),(0.00000,0.00000),(0.00000,0.00000),(0.00000,0.00000),(0.00000,0.00000),(0.00000,0.00000),(680079433.59581,0.00000),(0.00000,0.00000),(0.00000,0.00000),(43012000000.00000,0.00000),(480888779.24110,0.00000),(608281537.44792,0.00000),(0.00000,0.00000),(0.00000,0.00000),(0.00000,0.00000),(0.00000,0.00000)
(0.00000,0.00000),(0.00000,0.00000),(0.00000,0.00000),(0.00000,0.00000),(0.00000,0.00000),(0.00000,0.00000),(0.00000,0.00000),(0.00000,0.00000),(0.00000,0.00000),(0.00000,0.00000),(0.00000,0.00000),(0.00000,0.00000),(0.00000,0.00000),(0.00000,0.00000),(0.00000,0.00000),(0.00000,0.00000),(0.00000,0.00000),(0.00000,0.00000),(0.00000,0.00000),(0.00000,0.00000),(0.00000,0.00000),(0.00000,0.00000),(0.00000,0.00000),(0.00000,0.00000),(0.00000,0.00000),(0.00000,0.00000),(0.00000,0.00000),(0.00000,0.00000),(0.00000,0.00000),(0.00000,0.00000),(0.00000,0.00000),(0.00000,0.00000),(0.00000,0.00000),(0.00000,0.00000),(0.00000,0.00000),(0.00000,0.00000),(0.00000,0.00000),(0.00000,0.00000),(0.00000,0.00000),(0.00000,0.00000),(0.00000,0.00000),(0.00000,0.00000),(0.00000,0.00000),(0.00000,0.00000),(0.00000,0.00000),(0.00000,0.00000),(0.00000,0.00000),(480888779.24110,0.00000),(0.00000,0.00000),(480888779.24110,0.00000),(43012000000.00000,0.00000),(0.00000,0.00000),(0.00000,0.00000),(0.00000,0.00000),(0.00000,0.00000),(0.00000,0.00000)
(0.00000,0.00000),(0.00000,0.00000),(0.00000,0.00000),(0.00000,0.00000),(0.00000,0.00000),(0.00000,0.00000),(0.00000,0.00000),(0.00000,0.00000),(0.00000,0.00000),(0.00000,0.00000),(0.00000,0.00000),(0.00000,0.00000),(0.00000,0.00000),(0.00000,0.00000),(0.00000,0.00000),(0.00000,0.00000),(0.00000,0.00000),(0.00000,0.00000),(0.00000,0.00000),(0.00000,0.00000),(0.00000,0.00000),(0.00000,0.00000),(0.00000,0.00000),(0.00000,0.00000),(0.00000,0.00000),(0.00000,0.00000),(0.00000,0.00000),(0.00000,0.00000),(0.00000,0.00000),(0.00000,0.00000),(0.00000,0.00000),(0.00000,0.00000),(0.00000,0.00000),(0.00000,0.00000),(0.00000,0.00000),(0.00000,0.00000),(0.00000,0.00000),(0.00000,0.00000),(0.00000,0.00000),(0.00000,0.00000),(0.00000,0.00000),(0.00000,0.00000),(0.00000,0.00000),(0.00000,0.00000),(0.00000,0.00000),(0.00000,0.00000),(0.00000,0.00000),(0.00000,0.00000),(0.00000,0.00000),(608281537.44792,0.00000),(0.00000,0.00000),(43012000000.00000,0.00000),(0.00000,0.00000),(0.00000,0.00000),(0.00000,0.00000),(0.00000,0.00000)
(0.00000,0.00000),(0.00000,0.00000),(0.00000,0.00000),(0.00000,0.00000),(0.00000,0.00000),(0.00000,0.00000),(0.00000,0.00000),(0.00000,0.00000),(0.00000,0.00000),(0.00000,0.00000),(0.00000,0.00000),(0.00000,0.00000),(0.00000,0.00000),(0.00000,0.00000),(0.00000,0.00000),(0.00000,0.00000),(0.00000,0.00000),(0.00000,0.00000),(0.00000,0.00000),(0.00000,0.00000),(0.00000,0.00000),(0.00000,0.00000),(0.00000,0.00000),(0.00000,0.00000),(0.00000,0.00000),(0.00000,0.00000),(0.00000,0.00000),(0.00000,0.00000),(0.00000,0.00000),(0.00000,0.00000),(0.00000,0.00000),(0.00000,0.00000),(0.00000,0.00000),(0.00000,0.00000),(0.00000,0.00000),(0.00000,0.00000),(0.00000,0.00000),(0.00000,0.00000),(0.00000,0.00000),(0.00000,0.00000),(0.00000,0.00000),(0.00000,0.00000),(0.00000,0.00000),(0.00000,0.00000),(0.00000,0.00000),(0.00000,0.00000),(0.00000,0.00000),(0.00000,0.00000),(0.00000,0.00000),(0.00000,0.00000),(0.00000,0.00000),(0.00000,0.00000),(21506000000.00000,0.00000),(480888779.24110,0.00000),(480888779.24110,0.00000),(0.00000,0.00000)
(0.00000,0.00000),(0.00000,0.00000),(0.00000,0.00000),(0.00000,0.00000),(0.00000,0.00000),(0.00000,0.00000),(0.00000,0.00000),(0.00000,0.00000),(0.00000,0.00000),(0.00000,0.00000),(0.00000,0.00000),(0.00000,0.00000),(0.00000,0.00000),(0.00000,0.00000),(0.00000,0.00000),(0.00000,0.00000),(0.00000,0.00000),(0.00000,0.00000),(0.00000,0.00000),(0.00000,0.00000),(0.00000,0.00000),(0.00000,0.00000),(0.00000,0.00000),(0.00000,0.00000),(0.00000,0.00000),(0.00000,0.00000),(0.00000,0.00000),(0.00000,0.00000),(0.00000,0.00000),(0.00000,0.00000),(0.00000,0.00000),(0.00000,0.00000),(0.00000,0.00000),(0.00000,0.00000),(0.00000,0.00000),(0.00000,0.00000),(0.00000,0.00000),(0.00000,0.00000),(0.00000,0.00000),(0.00000,0.00000),(0.00000,0.00000),(0.00000,0.00000),(0.00000,0.00000),(0.00000,0.00000),(0.00000,0.00000),(0.00000,0.00000),(0.00000,0.00000),(0.00000,0.00000),(0.00000,0.00000),(0.00000,0.00000),(0.00000,0.00000),(0.00000,0.00000),(480888779.24110,0.00000),(21506000000.00000,0.00000),(0.00000,0.00000),(0.00000,0.00000)
(0.00000,0.00000),(0.00000,0.00000),(0.00000,0.00000),(0.00000,0.00000),(0.00000,0.00000),(0.00000,0.00000),(0.00000,0.00000),(0.00000,0.00000),(0.00000,0.00000),(0.00000,0.00000),(0.00000,0.00000),(0.00000,0.00000),(0.00000,0.00000),(0.00000,0.00000),(0.00000,0.00000),(0.00000,0.00000),(0.00000,0.00000),(0.00000,0.00000),(0.00000,0.00000),(0.00000,0.00000),(0.00000,0.00000),(0.00000,0.00000),(0.00000,0.00000),(0.00000,0.00000),(0.00000,0.00000),(0.00000,0.00000),(0.00000,0.00000),(0.00000,0.00000),(0.00000,0.00000),(0.00000,0.00000),(0.00000,0.00000),(0.00000,0.00000),(0.00000,0.00000),(0.00000,0.00000),(0.00000,0.00000),(0.00000,0.00000),(0.00000,0.00000),(0.00000,0.00000),(0.00000,0.00000),(0.00000,0.00000),(0.00000,0.00000),(0.00000,0.00000),(0.00000,0.00000),(0.00000,0.00000),(0.00000,0.00000),(0.00000,0.00000),(0.00000,0.00000),(0.00000,0.00000),(0.00000,0.00000),(0.00000,0.00000),(0.00000,0.00000),(0.00000,0.00000),(480888779.24110,0.00000),(0.00000,0.00000),(21506000000.00000,0.00000),(0.00000,0.00000)
(0.00000,0.00000),(0.00000,0.00000),(0.00000,0.00000),(0.00000,0.00000),(0.00000,0.00000),(0.00000,0.00000),(0.00000,0.00000),(0.00000,0.00000),(0.00000,0.00000),(0.00000,0.00000),(0.00000,0.00000),(0.00000,0.00000),(0.00000,0.00000),(0.00000,0.00000),(0.00000,0.00000),(0.00000,0.00000),(0.00000,0.00000),(0.00000,0.00000),(0.00000,0.00000),(0.00000,0.00000),(0.00000,0.00000),(0.00000,0.00000),(0.00000,0.00000),(0.00000,0.00000),(0.00000,0.00000),(0.00000,0.00000),(0.00000,0.00000),(0.00000,0.00000),(0.00000,0.00000),(0.00000,0.00000),(0.00000,0.00000),(0.00000,0.00000),(0.00000,0.00000),(0.00000,0.00000),(0.00000,0.00000),(0.00000,0.00000),(0.00000,0.00000),(0.00000,0.00000),(0.00000,0.00000),(0.00000,0.00000),(0.00000,0.00000),(0.00000,0.00000),(0.00000,0.00000),(0.00000,0.00000),(0.00000,0.00000),(0.00000,0.00000),(0.00000,0.00000),(0.00000,0.00000),(0.00000,0.00000),(0.00000,0.00000),(0.00000,0.00000),(0.00000,0.00000),(0.00000,0.00000),(0.00000,0.00000),(0.00000,0.00000),(0.00000,0.00000)
