0.00000,0.00000,0.00000,0.00000,0.00000,1.00000,0.00000,0.00000,0.00000,0.00000,0.00000,0.00000
0.00000,0.00000,0.00000,0.00046,0.00000,0.99861,0.00000,0.00000,0.00092,0.00000,0.00000,0.00000
0.00000,0.00000,0.00000,0.00184,0.00000,0.99446,0.00001,0.00000,0.00369,0.00000,0.00000,0.00000
0.00000,0.00000,0.00000,0.00413,0.00000,0.98758,0.00004,0.00000,0.00826,0.00000,0.00000,0.00000
0.00000,0.00000,0.00000,0.00729,0.00000,0.97800,0.00012,0.00000,0.01458,0.00000,0.00000,0.00000
0.00000,0.00000,0.00000,0.01130,0.00000,0.96581,0.00030,0.00000,0.02260,0.00000,0.00000,0.00000
0.00000,0.00000,0.00000,0.01610,0.00000,0.95108,0.00061,0.00000,0.03221,0.00000,0.00000,0.00000
0.00000,0.00000,0.00000,0.02165,0.00000,0.93391,0.00113,0.00000,0.04331,0.00000,0.00000,0.00000
0.00000,0.00000,0.00000,0.02789,0.00000,0.91442,0.00191,0.00000,0.05578,0.00000,0.00000,0.00000
0.00000,0.00000,0.00000,0.03474,0.00000,0.89274,0.00304,0.00000,0.06948,0.00000,0.00000,0.00000
0.00000,0.00000,0.00000,0.04213,0.00000,0.86902,0.00460,0.00000,0.08426,0.00000,0.00000,0.00000
0.00000,0.00000,0.00000,0.04997,0.00000,0.84342,0.00666,0.00000,0.09995,0.00000,0.00000,0.00000
0.00000,0.00000,0.00000,0.05819,0.00000,0.81610,0.00934,0.00000,0.11638,0.00000,0.00000,0.00000
0.00000,0.00000,0.00000,0.06668,0.00000,0.78724,0.01271,0.00000,0.13337,0.00000,0.00000,0.00000
0.00000,0.00000,0.00000,0.07536,0.00000,0.75703,0.01688,0.00000,0.15073,0.00000,0.00000,0.00000
0.00000,0.00000,0.00000,0.08413,0.00000,0.72566,0.02195,0.00000,0.16826,0.00000,0.00000,0.00000
0.00000,0.00000,0.00000,0.09289,0.00000,0.69333,0.02800,0.00000,0.18578,0.00000,0.00000,0.00000
0.00000,0.00000,0.00000,0.10154,0.00000,0.66024,0.03514,0.00000,0.20308,0.00000,0.00000,0.00000
0.00000,0.00000,0.00000,0.10999,0.00000,0.62658,0.04344,0.00000,0.21999,0.00000,0.00000,0.00000
0.00000,0.00000,0.00000,0.11815,0.00000,0.59255,0.05300,0.00000,0.23630,0.00000,0.00000,0.00000
0.00000,0.00000,0.00000,0.12592,0.00000,0.55836,0.06389,0.00000,0.25183,0.00000,0.00000,0.00000
0.00000,0.00000,0.00000,0.13321,0.00000,0.52419,0.07617,0.00000,0.26643,0.00000,0.00000,0.00000
0.00000,0.00000,0.00000,0.13996,0.00000,0.49022,0.08990,0.00000,0.27992,0.00000,0.00000,0.00000
0.00000,0.00000,0.00000,0.14607,0.00000,0.45665,0.10513,0.00000,0.29215,0.00000,0.00000,0.00000
0.00000,0.00000,0.00000,0.15149,0.00000,0.42363,0.12190,0.00000,0.30299,0.00000,0.00000,0.00000
0.00000,0.00000,0.00000,0.15616,0.00000,0.39132,0.14021,0.00000,0.31231,0.00000,0.00000,0.00000
0.00000,0.00000,0.00000,0.16001,0.00000,0.35988,0.16008,0.00000,0.32003,0.00000,0.00000,0.00000
0.00000,0.00000,0.00000,0.16302,0.00000,0.32943,0.18151,0.00000,0.32604,0.00000,0.00000,0.00000
0.00000,0.00000,0.00000,0.16514,0.00000,0.30011,0.20446,0.00000,0.33028,0.00000,0.00000,0.00000
0.00000,0.00000,0.00000,0.16636,0.00000,0.27201,0.22891,0.00000,0.33271,0.00000,0.00000,0.00000
0.00000,0.00000,0.00000,0.16665,0.00000,0.24524,0.25481,0.00000,0.33330,0.00000,0.00000,0.00000
0.00000,0.00000,0.00000,0.16602,0.00000,0.21987,0.28207,0.00000,0.33204,0.00000,0.00000,0.00000
0.00000,0.00000,0.00000,0.16448,0.00000,0.19595,0.31062,0.00000,0.32895,0.00000,0.00000,0.00000
0.00000,0.00000,0.00000,0.16203,0.00000,0.17355,0.34037,0.00000,0.32406,0.00000,0.00000,0.00000
0.00000,0.00000,0.00000,0.15871,0.00000,0.15268,0.37119,0.00000,0.31742,0.00000,0.00000,0.00000
0.00000,0.00000,0.00000,0.15455,0.00000,0.13338,0.40296,0.00000,0.30911,0.00000,0.00000,0.00000
0.00000,0.00000,0.00000,0.14961,0.00000,0.11563,0.43554,0.00000,0.29922,0.00000,0.00000,0.00000
0.00000,0.00000,0.00000,0.14393,0.00000,0.09943,0.46878,0.00000,0.28786,0.00000,0.00000,0.00000
0.00000,0.00000,0.00000,0.13758,0.00000,0.08475,0.50252,0.00000,0.27515,0.00000,0.00000,0.00000
0.00000,0.00000,0.00000,0.13062,0.00000,0.07155,0.53658,0.00000,0.26125,0.00000,0.00000,0.00000
0.00000,0.00000,0.00000,0.12315,0.00000,0.05978,0.57078,0.00000,0.24629,0.00000,0.00000,0.00000
0.00000,0.00000,0.00000,0.11523,0.00000,0.04938,0.60494,0.00000,0.23045,0.00000,0.00000,0.00000
0.00000,0.00000,0.00000,0.10695,0.00000,0.04029,0.63885,0.00000,0.21391,0.00000,0.00000,0.00000
0.00000,0.00000,0.00000,0.09842,0.00000,0.03242,0.67233,0.00000,0.19684,0.00000,0.00000,0.00000
0.00000,0.00000,0.00000,0.08972,0.00000,0.02568,0.70517,0.00000,0.17943,0.00000,0.00000,0.00000
0.00000,0.00000,0.00000,0.08094,0.00000,0.02000,0.73718,0.00000,0.16188,0.00000,0.00000,0.00000
0.00000,0.00000,0.00000,0.07220,0.00000,0.01527,0.76815,0.00000,0.14439,0.00000,0.00000,0.00000
0.00000,0.00000,0.00000,0.06357,0.00000,0.01140,0.79789,0.00000,0.12714,0.00000,0.00000,0.00000
0.00000,0.00000,0.00000,0.05517,0.00000,0.00829,0.82621,0.00000,0.11034,0.00000,0.00000,0.00000
0.00000,0.00000,0.00000,0.04708,0.00000,0.00585,0.85292,0.00000,0.09415,0.00000,0.00000,0.00000
0.00000,0.00000,0.00000,0.03939,0.00000,0.00398,0.87786,0.00000,0.07877,0.00000,0.00000,0.00000
0.00000,0.00000,0.00000,0.03218,0.00000,0.00259,0.90086,0.00000,0.06437,0.00000,0.00000,0.00000
0.00000,0.00000,0.00000,0.02555,0.00000,0.00159,0.92176,0.00000,0.05110,0.00000,0.00000,0.00000
0.00000,0.00000,0.00000,0.01956,0.00000,0.00091,0.94042,0.00000,0.03911,0.00000,0.00000,0.00000
0.00000,0.00000,0.00000,0.01427,0.00000,0.00048,0.95671,0.00000,0.02854,0.00000,0.00000,0.00000
0.00000,0.00000,0.00000,0.00975,0.00000,0.00022,0.97054,0.00000,0.01950,0.00000,0.00000,0.00000
0.00000,0.00000,0.00000,0.00604,0.00000,0.00008,0.98179,0.00000,0.01209,0.00000,0.00000,0.00000
0.00000,0.00000,0.00000,0.00320,0.00000,0.00002,0.99039,0.00000,0.00639,0.00000,0.00000,0.00000
0.00000,0.00000,0.00000,0.00124,0.00000,0.00000,0.99629,0.00000,0.00247,0.00000,0.00000,0.00000
0.00000,0.00000,0.00000,0.00019,0.00000,0.00000,0.99944,0.00000,0.00038,0.00000,0.00000,0.00000
0.00000,0.00000,0.00000,0.00006,0.00000,0.00000,0.99982,0.00000,0.00012,0.00000,0.00000,0.00000
0.00000,0.00000,0.00000,0.00086,0.00000,0.00000,0.99742,0.00000,0.00172,0.00000,0.00000,0.00000
0.00000,0.00000,0.00000,0.00257,0.00000,0.00001,0.99228,0.00000,0.00514,0.00000,0.00000,0.00000
0.00000,0.00000,0.00000,0.00518,0.00000,0.00006,0.98441,0.00000,0.01035,0.00000,0.00000,0.00000
0.00000,0.00000,0.00000,0.00865,0.00000,0.00017,0.97387,0.00000,0.01730,0.00000,0.00000,0.00000
0.00000,0.00000,0.00000,0.01295,0.00000,0.00039,0.96075,0.00000,0.02591,0.00000,0.00000,0.00000
0.00000,0.00000,0.00000,0.01804,0.00000,0.00077,0.94512,0.00000,0.03607,0.00000,0.00000,0.00000
0.00000,0.00000,0.00000,0.02384,0.00000,0.00138,0.92709,0.00000,0.04769,0.00000,0.00000,0.00000
0.00000,0.00000,0.00000,0.03031,0.00000,0.00228,0.90679,0.00000,0.06062,0.00000,0.00000,0.00000
0.00000,0.00000,0.00000,0.03736,0.00000,0.00355,0.88436,0.00000,0.07473,0.00000,0.00000,0.00000
0.00000,0.00000,0.00000,0.04493,0.00000,0.00528,0.85993,0.00000,0.08986,0.00000,0.00000,0.00000
0.00000,0.00000,0.00000,0.05292,0.00000,0.00756,0.83368,0.00000,0.10584,0.00000,0.00000,0.00000
0.00000,0.00000,0.00000,0.06125,0.00000,0.01047,0.80579,0.00000,0.12249,0.00000,0.00000,0.00000
0.00000,0.00000,0.00000,0.06982,0.00000,0.01413,0.77642,0.00000,0.13964,0.00000,0.00000,0.00000
0.00000,0.00000,0.00000,0.07854,0.00000,0.01861,0.74576,0.00000,0.15708,0.00000,0.00000,0.00000
0.00000,0.00000,0.00000,0.08732,0.00000,0.02403,0.71402,0.00000,0.17463,0.00000,0.00000,0.00000
0.00000,0.00000,0.00000,0.09605,0.00000,0.03046,0.68139,0.00000,0.19210,0.00000,0.00000,0.00000
0.00000,0.00000,0.00000,0.10464,0.00000,0.03801,0.64807,0.00000,0.20928,0.00000,0.00000,0.00000
0.00000,0.00000,0.00000,0.11299,0.00000,0.04677,0.61425,0.00000,0.22599,0.00000,0.00000,0.00000
0.00000,0.00000,0.00000,0.12102,0.00000,0.05680,0.58014,0.00000,0.24204,0.00000,0.00000,0.00000
0.00000,0.00000,0.00000,0.12863,0.00000,0.06819,0.54594,0.00000,0.25725,0.00000,0.00000,0.00000
0.00000,0.00000,0.00000,0.13573,0.00000,0.08099,0.51182,0.00000,0.27146,0.00000,0.00000,0.00000
0.00000,0.00000,0.00000,0.14225,0.00000,0.09526,0.47798,0.00000,0.28451,0.00000,0.00000,0.00000
0.00000,0.00000,0.00000,0.14813,0.00000,0.11104,0.44458,0.00000,0.29625,0.00000,0.00000,0.00000
0.00000,0.00000,0.00000,0.15328,0.00000,0.12837,0.41180,0.00000,0.30655,0.00000,0.00000,0.00000
0.00000,0.00000,0.00000,0.15765,0.00000,0.14725,0.37979,0.00000,0.31531,0.00000,0.00000,0.00000
0.00000,0.00000,0.00000,0.16121,0.00000,0.16768,0.34870,0.00000,0.32241,0.00000,0.00000,0.00000
0.00000,0.00000,0.00000,0.16389,0.00000,0.18967,0.31865,0.00000,0.32779,0.00000,0.00000,0.00000
0.00000,0.00000,0.00000,0.16569,0.00000,0.21317,0.28976,0.00000,0.33138,0.00000,0.00000,0.00000
0.00000,0.00000,0.00000,0.16657,0.00000,0.23815,0.26213,0.00000,0.33314,0.00000,0.00000,0.00000
0.00000,0.00000,0.00000,0.16653,0.00000,0.26455,0.23586,0.00000,0.33306,0.00000,0.00000,0.00000
0.00000,0.00000,0.00000,0.16557,0.00000,0.29229,0.21101,0.00000,0.33113,0.00000,0.00000,0.00000
0.00000,0.00000,0.00000,0.16369,0.00000,0.32129,0.18764,0.00000,0.32738,0.00000,0.00000,0.00000
0.00000,0.00000,0.00000,0.16092,0.00000,0.35144,0.16579,0.00000,0.32184,0.00000,0.00000,0.00000
0.00000,0.00000,0.00000,0.15729,0.00000,0.38262,0.14549,0.00000,0.31459,0.00000,0.00000,0.00000
0.00000,0.00000,0.00000,0.15285,0.00000,0.41471,0.12675,0.00000,0.30569,0.00000,0.00000,0.00000
0.00000,0.00000,0.00000,0.14763,0.00000,0.44755,0.10957,0.00000,0.29526,0.00000,0.00000,0.00000
0.00000,0.00000,0.00000,0.14170,0.00000,0.48099,0.09392,0.00000,0.28339,0.00000,0.00000,0.00000
0.00000,0.00000,0.00000,0.13512,0.00000,0.51486,0.07978,0.00000,0.27024,0.00000,0.00000,0.00000
0.00000,0.00000,0.00000,0.12796,0.00000,0.54900,0.06711,0.00000,0.25593,0.00000,0.00000,0.00000
0.00000,0.00000,0.00000,0.12032,0.00000,0.58320,0.05585,0.00000,0.24063,0.00000,0.00000,0.00000
0.00000,0.00000,0.00000,0.11226,0.00000,0.61729,0.04593,0.00000,0.22452,0.00000,0.00000,0.00000
0.00000,0.00000,0.00000,0.10388,0.00000,0.65107,0.03729,0.00000,0.20776,0.00000,0.00000,0.00000
0.00000,0.00000,0.00000,0.09527,0.00000,0.68434,0.02984,0.00000,0.19054,0.00000,0.00000,0.00000
0.00000,0.00000,0.00000,0.08653,0.00000,0.71690,0.02350,0.00000,0.17306,0.00000,0.00000,0.00000
0.00000,0.00000,0.00000,0.07776,0.00000,0.74855,0.01817,0.00000,0.15552,0.00000,0.00000,0.00000
0.00000,0.00000,0.00000,0.06904,0.00000,0.77910,0.01377,0.00000,0.13809,0.00000,0.00000,0.00000
0.00000,0.00000,0.00000,0.06049,0.00000,0.80834,0.01018,0.00000,0.12098,0.00000,0.00000,0.00000
0.00000,0.00000,0.00000,0.05219,0.00000,0.83610,0.00733,0.00000,0.10438,0.00000,0.00000,0.00000
0.00000,0.00000,0.00000,0.04423,0.00000,0.86219,0.00511,0.00000,0.08847,0.00000,0.00000,0.00000
0.00000,0.00000,0.00000,0.03671,0.00000,0.88645,0.00342,0.00000,0.07342,0.00000,0.00000,0.00000
0.00000,0.00000,0.00000,0.02971,0.00000,0.90870,0.00218,0.00000,0.05941,0.00000,0.00000,0.00000
0.00000,0.00000,0.00000,0.02330,0.00000,0.92880,0.00131,0.00000,0.04659,0.00000,0.00000,0.00000
0.00000,0.00000,0.00000,0.01755,0.00000,0.94662,0.00073,0.00000,0.03510,0.00000,0.00000,0.00000
0.00000,0.00000,0.00000,0.01254,0.00000,0.96203,0.00037,0.00000,0.02507,0.00000,0.00000,0.00000
0.00000,0.00000,0.00000,0.00831,0.00000,0.97492,0.00016,0.00000,0.01661,0.00000,0.00000,0.00000
0.00000,0.00000,0.00000,0.00491,0.00000,0.98522,0.00006,0.00000,0.00982,0.00000,0.00000,0.00000
0.00000,0.00000,0.00000,0.00238,0.00000,0.99285,0.00001,0.00000,0.00476,0.00000,0.00000,0.00000
0.00000,0.00000,0.00000,0.00075,0.00000,0.99775,0.00000,0.00000,0.00150,0.00000,0.00000,0.00000
0.00000,0.00000,0.00000,0.00003,0.00000,0.99990,0.00000,0.00000,0.00007,0.00000,0.00000,0.00000
0.00000,0.00000,0.00000,0.00024,0.00000,0.99927,0.00000,0.00000,0.00049,0.00000,0.00000,0.00000
0.00000,0.00000,0.00000,0.00137,0.00000,0.99587,0.00000,0.00000,0.00275,0.00000,0.00000,0.00000
0.00000,0.00000,0.00000,0.00341,0.00000,0.98973,0.00003,0.00000,0.00683,0.00000,0.00000,0.00000
0.00000,0.00000,0.00000,0.00634,0.00000,0.98089,0.00009,0.00000,0.01268,0.00000,0.00000,0.00000
0.00000,0.00000,0.00000,0.01012,0.00000,0.96940,0.00024,0.00000,0.02024,0.00000,0.00000,0.00000
0.00000,0.00000,0.00000,0.01471,0.00000,0.95536,0.00051,0.00000,0.02942,0.00000,0.00000,0.00000
0.00000,0.00000,0.00000,0.02006,0.00000,0.93884,0.00096,0.00000,0.04013,0.00000,0.00000,0.00000
0.00000,0.00000,0.00000,0.02612,0.00000,0.91998,0.00167,0.00000,0.05224,0.00000,0.00000,0.00000
0.00000,0.00000,0.00000,0.03281,0.00000,0.89888,0.00269,0.00000,0.06561,0.00000,0.00000,0.00000
0.00000,0.00000,0.00000,0.04006,0.00000,0.87571,0.00412,0.00000,0.08011,0.00000,0.00000,0.00000
0.00000,0.00000,0.00000,0.04779,0.00000,0.85060,0.00604,0.00000,0.09557,0.00000,0.00000,0.00000
0.00000,0.00000,0.00000,0.05591,0.00000,0.82373,0.00854,0.00000,0.11182,0.00000,0.00000,0.00000
0.00000,0.00000,0.00000,0.06434,0.00000,0.79528,0.01171,0.00000,0.12867,0.00000,0.00000,0.00000
0.00000,0.00000,0.00000,0.07297,0.00000,0.76542,0.01565,0.00000,0.14595,0.00000,0.00000,0.00000
0.00000,0.00000,0.00000,0.08173,0.00000,0.73435,0.02047,0.00000,0.16346,0.00000,0.00000,0.00000
0.00000,0.00000,0.00000,0.09050,0.00000,0.70226,0.02624,0.00000,0.18100,0.00000,0.00000,0.00000
0.00000,0.00000,0.00000,0.09919,0.00000,0.66936,0.03307,0.00000,0.19838,0.00000,0.00000,0.00000
0.00000,0.00000,0.00000,0.10771,0.00000,0.63583,0.04105,0.00000,0.21541,0.00000,0.00000,0.00000
0.00000,0.00000,0.00000,0.11595,0.00000,0.60189,0.05026,0.00000,0.23190,0.00000,0.00000,0.00000
0.00000,0.00000,0.00000,0.12383,0.00000,0.56772,0.06078,0.00000,0.24767,0.00000,0.00000,0.00000
0.00000,0.00000,0.00000,0.13127,0.00000,0.53353,0.07267,0.00000,0.26254,0.00000,0.00000,0.00000
0.00000,0.00000,0.00000,0.13817,0.00000,0.49949,0.08600,0.00000,0.27634,0.00000,0.00000,0.00000
0.00000,0.00000,0.00000,0.14447,0.00000,0.46579,0.10082,0.00000,0.28893,0.00000,0.00000,0.00000
0.00000,0.00000,0.00000,0.15008,0.00000,0.43260,0.11715,0.00000,0.30017,0.00000,0.00000,0.00000
0.00000,0.00000,0.00000,0.15496,0.00000,0.40008,0.13504,0.00000,0.30992,0.00000,0.00000,0.00000
0.00000,0.00000,0.00000,0.15904,0.00000,0.36839,0.15449,0.00000,0.31808,0.00000,0.00000,0.00000
0.00000,0.00000,0.00000,0.16228,0.00000,0.33766,0.17549,0.00000,0.32457,0.00000,0.00000,0.00000
0.00000,0.00000,0.00000,0.16465,0.00000,0.30802,0.19803,0.00000,0.32930,0.00000,0.00000,0.00000
0.00000,0.00000,0.00000,0.16612,0.00000,0.27958,0.22208,0.00000,0.33223,0.00000,0.00000,0.00000
0.00000,0.00000,0.00000,0.16666,0.00000,0.25243,0.24758,0.00000,0.33333,0.00000,0.00000,0.00000
0.00000,0.00000,0.00000,0.16629,0.00000,0.22667,0.27448,0.00000,0.33257,0.00000,0.00000,0.00000
0.00000,0.00000,0.00000,0.16499,0.00000,0.20235,0.30269,0.00000,0.32998,0.00000,0.00000,0.00000
0.00000,0.00000,0.00000,0.16279,0.00000,0.17953,0.33211,0.00000,0.32557,0.00000,0.00000,0.00000
0.00000,0.00000,0.00000,0.15970,0.00000,0.15824,0.36265,0.00000,0.31941,0.00000,0.00000,0.00000
0.00000,0.00000,0.00000,0.15577,0.00000,0.13851,0.39418,0.00000,0.31154,0.00000,0.00000,0.00000
0.00000,0.00000,0.00000,0.15104,0.00000,0.12033,0.42655,0.00000,0.30208,0.00000,0.00000,0.00000
0.00000,0.00000,0.00000,0.14555,0.00000,0.10371,0.45963,0.00000,0.29111,0.00000,0.00000,0.00000
0.00000,0.00000,0.00000,0.13938,0.00000,0.08862,0.49325,0.00000,0.27876,0.00000,0.00000,0.00000
0.00000,0.00000,0.00000,0.13258,0.00000,0.07501,0.52724,0.00000,0.26516,0.00000,0.00000,0.00000
0.00000,0.00000,0.00000,0.12524,0.00000,0.06286,0.56142,0.00000,0.25048,0.00000,0.00000,0.00000
0.00000,0.00000,0.00000,0.11743,0.00000,0.05210,0.59561,0.00000,0.23487,0.00000,0.00000,0.00000
0.00000,0.00000,0.00000,0.10925,0.00000,0.04265,0.62961,0.00000,0.21849,0.00000,0.00000,0.00000
0.00000,0.00000,0.00000,0.10077,0.00000,0.03445,0.66322,0.00000,0.20155,0.00000,0.00000,0.00000
0.00000,0.00000,0.00000,0.09211,0.00000,0.02742,0.69626,0.00000,0.18422,0.00000,0.00000,0.00000
0.00000,0.00000,0.00000,0.08334,0.00000,0.02145,0.72851,0.00000,0.16669,0.00000,0.00000,0.00000
0.00000,0.00000,0.00000,0.07458,0.00000,0.01647,0.75978,0.00000,0.14916,0.00000,0.00000,0.00000
0.00000,0.00000,0.00000,0.06591,0.00000,0.01238,0.78988,0.00000,0.13183,0.00000,0.00000,0.00000
0.00000,0.00000,0.00000,0.05744,0.00000,0.00907,0.81861,0.00000,0.11488,0.00000,0.00000,0.00000
0.00000,0.00000,0.00000,0.04925,0.00000,0.00645,0.84578,0.00000,0.09851,0.00000,0.00000,0.00000
0.00000,0.00000,0.00000,0.04145,0.00000,0.00444,0.87122,0.00000,0.08289,0.00000,0.00000,0.00000
0.00000,0.00000,0.00000,0.03410,0.00000,0.00292,0.89477,0.00000,0.06821,0.00000,0.00000,0.00000
0.00000,0.00000,0.00000,0.02731,0.00000,0.00183,0.91625,0.00000,0.05461,0.00000,0.00000,0.00000
0.00000,0.00000,0.00000,0.02113,0.00000,0.00107,0.93554,0.00000,0.04226,0.00000,0.00000,0.00000
0.00000,0.00000,0.00000,0.01564,0.00000,0.00058,0.95250,0.00000,0.03128,0.00000,0.00000,0.00000
0.00000,0.00000,0.00000,0.01091,0.00000,0.00028,0.96701,0.00000,0.02181,0.00000,0.00000,0.00000
0.00000,0.00000,0.00000,0.00697,0.00000,0.00011,0.97897,0.00000,0.01395,0.00000,0.00000,0.00000
0.00000,0.00000,0.00000,0.00389,0.00000,0.00003,0.98830,0.00000,0.00777,0.00000,0.00000,0.00000
0.00000,0.00000,0.00000,0.00168,0.00000,0.00001,0.99495,0.00000,0.00336,0.00000,0.00000,0.00000
0.00000,0.00000,0.00000,0.00038,0.00000,0.00000,0.99885,0.00000,0.00077,0.00000,0.00000,0.00000
0.00000,0.00000,0.00000,0.00000,0.00000,0.00000,0.99999,0.00000,0.00001,0.00000,0.00000,0.00000
0.00000,0.00000,0.00000,0.00055,0.00000,0.00000,0.99835,0.00000,0.00110,0.00000,0.00000,0.00000
0.00000,0.00000,0.00000,0.00201,0.00000,0.00001,0.99396,0.00000,0.00402,0.00000,0.00000,0.00000
0.00000,0.00000,0.00000,0.00438,0.00000,0.00004,0.98683,0.00000,0.00875,0.00000,0.00000,0.00000
0.00000,0.00000,0.00000,0.00762,0.00000,0.00013,0.97702,0.00000,0.01523,0.00000,0.00000,0.00000
0.00000,0.00000,0.00000,0.01170,0.00000,0.00032,0.96459,0.00000,0.02339,0.00000,0.00000,0.00000
0.00000,0.00000,0.00000,0.01657,0.00000,0.00065,0.94964,0.00000,0.03314,0.00000,0.00000,0.00000
0.00000,0.00000,0.00000,0.02219,0.00000,0.00119,0.93226,0.00000,0.04437,0.00000,0.00000,0.00000
0.00000,0.00000,0.00000,0.02848,0.00000,0.00200,0.91257,0.00000,0.05696,0.00000,0.00000,0.00000
0.00000,0.00000,0.00000,0.03538,0.00000,0.00316,0.89070,0.00000,0.07076,0.00000,0.00000,0.00000
0.00000,0.00000,0.00000,0.04281,0.00000,0.00476,0.86680,0.00000,0.08562,0.00000,0.00000,0.00000
0.00000,0.00000,0.00000,0.05069,0.00000,0.00688,0.84104,0.00000,0.10139,0.00000,0.00000,0.00000
0.00000,0.00000,0.00000,0.05894,0.00000,0.00961,0.81357,0.00000,0.11788,0.00000,0.00000,0.00000
0.00000,0.00000,0.00000,0.06745,0.00000,0.01305,0.78459,0.00000,0.13491,0.00000,0.00000,0.00000
0.00000,0.00000,0.00000,0.07615,0.00000,0.01730,0.75427,0.00000,0.15229,0.00000,0.00000,0.00000
0.00000,0.00000,0.00000,0.08492,0.00000,0.02245,0.72281,0.00000,0.16983,0.00000,0.00000,0.00000
0.00000,0.00000,0.00000,0.09367,0.00000,0.02859,0.69040,0.00000,0.18734,0.00000,0.00000,0.00000
0.00000,0.00000,0.00000,0.10231,0.00000,0.03583,0.65724,0.00000,0.20462,0.00000,0.00000,0.00000
0.00000,0.00000,0.00000,0.11074,0.00000,0.04425,0.62354,0.00000,0.22147,0.00000,0.00000,0.00000
0.00000,0.00000,0.00000,0.11886,0.00000,0.05392,0.58950,0.00000,0.23772,0.00000,0.00000,0.00000
0.00000,0.00000,0.00000,0.12659,0.00000,0.06493,0.55530,0.00000,0.25318,0.00000,0.00000,0.00000
0.00000,0.00000,0.00000,0.13384,0.00000,0.07734,0.52114,0.00000,0.26768,0.00000,0.00000,0.00000
0.00000,0.00000,0.00000,0.14053,0.00000,0.09121,0.48720,0.00000,0.28106,0.00000,0.00000,0.00000
0.00000,0.00000,0.00000,0.14659,0.00000,0.10657,0.45367,0.00000,0.29318,0.00000,0.00000,0.00000
0.00000,0.00000,0.00000,0.15194,0.00000,0.12347,0.42070,0.00000,0.30388,0.00000,0.00000,0.00000
0.00000,0.00000,0.00000,0.15654,0.00000,0.14192,0.38847,0.00000,0.31307,0.00000,0.00000,0.00000
0.00000,0.00000,0.00000,0.16032,0.00000,0.16194,0.35711,0.00000,0.32064,0.00000,0.00000,0.00000
0.00000,0.00000,0.00000,0.16325,0.00000,0.18350,0.32676,0.00000,0.32649,0.00000,0.00000,0.00000
0.00000,0.00000,0.00000,0.16529,0.00000,0.20659,0.29754,0.00000,0.33058,0.00000,0.00000,0.00000
0.00000,0.00000,0.00000,0.16642,0.00000,0.23117,0.26956,0.00000,0.33284,0.00000,0.00000,0.00000
0.00000,0.00000,0.00000,0.16663,0.00000,0.25719,0.24291,0.00000,0.33327,0.00000,0.00000,0.00000
0.00000,0.00000,0.00000,0.16592,0.00000,0.28457,0.21767,0.00000,0.33184,0.00000,0.00000,0.00000
0.00000,0.00000,0.00000,0.16429,0.00000,0.31324,0.19389,0.00000,0.32859,0.00000,0.00000,0.00000
0.00000,0.00000,0.00000,0.16177,0.00000,0.34308,0.17162,0.00000,0.32353,0.00000,0.00000,0.00000
0.00000,0.00000,0.00000,0.15837,0.00000,0.37399,0.15089,0.00000,0.31674,0.00000,0.00000,0.00000
0.00000,0.00000,0.00000,0.15414,0.00000,0.40584,0.13173,0.00000,0.30829,0.00000,0.00000,0.00000
0.00000,0.00000,0.00000,0.14913,0.00000,0.43849,0.11412,0.00000,0.29826,0.00000,0.00000,0.00000
0.00000,0.00000,0.00000,0.14339,0.00000,0.47179,0.09805,0.00000,0.28677,0.00000,0.00000,0.00000
0.00000,0.00000,0.00000,0.13698,0.00000,0.50556,0.08351,0.00000,0.27396,0.00000,0.00000,0.00000
0.00000,0.00000,0.00000,0.12997,0.00000,0.53964,0.07044,0.00000,0.25995,0.00000,0.00000,0.00000
0.00000,0.00000,0.00000,0.12245,0.00000,0.57384,0.05879,0.00000,0.24491,0.00000,0.00000,0.00000
0.00000,0.00000,0.00000,0.11450,0.00000,0.60799,0.04852,0.00000,0.22900,0.00000,0.00000,0.00000
0.00000,0.00000,0.00000,0.10620,0.00000,0.64187,0.03953,0.00000,0.21240,0.00000,0.00000,0.00000
0.00000,0.00000,0.00000,0.09764,0.00000,0.67530,0.03177,0.00000,0.19529,0.00000,0.00000,0.00000
0.00000,0.00000,0.00000,0.08893,0.00000,0.70807,0.02513,0.00000,0.17786,0.00000,0.00000,0.00000
0.00000,0.00000,0.00000,0.08016,0.00000,0.73999,0.01954,0.00000,0.16031,0.00000,0.00000,0.00000
0.00000,0.00000,0.00000,0.07142,0.00000,0.77086,0.01489,0.00000,0.14283,0.00000,0.00000,0.00000
0.00000,0.00000,0.00000,0.06281,0.00000,0.80048,0.01109,0.00000,0.12562,0.00000,0.00000,0.00000
0.00000,0.00000,0.00000,0.05443,0.00000,0.82867,0.00804,0.00000,0.10886,0.00000,0.00000,0.00000
0.00000,0.00000,0.00000,0.04637,0.00000,0.85523,0.00566,0.00000,0.09274,0.00000,0.00000,0.00000
0.00000,0.00000,0.00000,0.03872,0.00000,0.88000,0.00383,0.00000,0.07744,0.00000,0.00000,0.00000
0.00000,0.00000,0.00000,0.03157,0.00000,0.90282,0.00248,0.00000,0.06313,0.00000,0.00000,0.00000
0.00000,0.00000,0.00000,0.02499,0.00000,0.92352,0.00152,0.00000,0.04997,0.00000,0.00000,0.00000
0.00000,0.00000,0.00000,0.01905,0.00000,0.94197,0.00087,0.00000,0.03811,0.00000,0.00000,0.00000
0.00000,0.00000,0.00000,0.01383,0.00000,0.95805,0.00045,0.00000,0.02766,0.00000,0.00000,0.00000
0.00000,0.00000,0.00000,0.00938,0.00000,0.97165,0.00020,0.00000,0.01876,0.00000,0.00000,0.00000
0.00000,0.00000,0.00000,0.00575,0.00000,0.98267,0.00008,0.00000,0.01151,0.00000,0.00000,0.00000
0.00000,0.00000,0.00000,0.00298,0.00000,0.99103,0.00002,0.00000,0.00597,0.00000,0.00000,0.00000
0.00000,0.00000,0.00000,0.00110,0.00000,0.99668,0.00000,0.00000,0.00221,0.00000,0.00000,0.00000
0.00000,0.00000,0.00000,0.00014,0.00000,0.99958,0.00000,0.00000,0.00028,0.00000,0.00000,0.00000
0.00000,0.00000,0.00000,0.00009,0.00000,0.99972,0.00000,0.00000,0.00019,0.00000,0.00000,0.00000
0.00000,0.00000,0.00000,0.00097,0.00000,0.99708,0.00000,0.00000,0.00195,0.00000,0.00000,0.00000
0.00000,0.00000,0.00000,0.00277,0.00000,0.99168,0.00002,0.00000,0.00553,0.00000,0.00000,0.00000
0.00000,0.00000,0.00000,0.00545,0.00000,0.98357,0.00007,0.00000,0.01091,0.00000,0.00000,0.00000
0.00000,0.00000,0.00000,0.00900,0.00000,0.97280,0.00019,0.00000,0.01801,0.00000,0.00000,0.00000
0.00000,0.00000,0.00000,0.01338,0.00000,0.95945,0.00042,0.00000,0.02675,0.00000,0.00000,0.00000
0.00000,0.00000,0.00000,0.01853,0.00000,0.94360,0.00082,0.00000,0.03705,0.00000,0.00000,0.00000
0.00000,0.00000,0.00000,0.02440,0.00000,0.92537,0.00145,0.00000,0.04879,0.00000,0.00000,0.00000
0.00000,0.00000,0.00000,0.03092,0.00000,0.90487,0.00238,0.00000,0.06184,0.00000,0.00000,0.00000
0.00000,0.00000,0.00000,0.03802,0.00000,0.88225,0.00369,0.00000,0.07604,0.00000,0.00000,0.00000
0.00000,0.00000,0.00000,0.04563,0.00000,0.85766,0.00546,0.00000,0.09126,0.00000,0.00000,0.00000
0.00000,0.00000,0.00000,0.05365,0.00000,0.83125,0.00779,0.00000,0.10730,0.00000,0.00000,0.00000
0.00000,0.00000,0.00000,0.06201,0.00000,0.80321,0.01077,0.00000,0.12401,0.00000,0.00000,0.00000
0.00000,0.00000,0.00000,0.07060,0.00000,0.77372,0.01449,0.00000,0.14119,0.00000,0.00000,0.00000
0.00000,0.00000,0.00000,0.07933,0.00000,0.74296,0.01906,0.00000,0.15865,0.00000,0.00000,0.00000
0.00000,0.00000,0.00000,0.08810,0.00000,0.71114,0.02456,0.00000,0.17620,0.00000,0.00000,0.00000
0.00000,0.00000,0.00000,0.09682,0.00000,0.67843,0.03109,0.00000,0.19365,0.00000,0.00000,0.00000
0.00000,0.00000,0.00000,0.10540,0.00000,0.64506,0.03875,0.00000,0.21080,0.00000,0.00000,0.00000
0.00000,0.00000,0.00000,0.11373,0.00000,0.61121,0.04761,0.00000,0.22745,0.00000,0.00000,0.00000
0.00000,0.00000,0.00000,0.12172,0.00000,0.57708,0.05776,0.00000,0.24344,0.00000,0.00000,0.00000
0.00000,0.00000,0.00000,0.12928,0.00000,0.54288,0.06927,0.00000,0.25857,0.00000,0.00000,0.00000
0.00000,0.00000,0.00000,0.13634,0.00000,0.50878,0.08221,0.00000,0.27268,0.00000,0.00000,0.00000
0.00000,0.00000,0.00000,0.14281,0.00000,0.47497,0.09661,0.00000,0.28562,0.00000,0.00000,0.00000
0.00000,0.00000,0.00000,0.14862,0.00000,0.44162,0.11253,0.00000,0.29723,0.00000,0.00000,0.00000
0.00000,0.00000,0.00000,0.15370,0.00000,0.40890,0.12999,0.00000,0.30740,0.00000,0.00000,0.00000
0.00000,0.00000,0.00000,0.15801,0.00000,0.37697,0.14901,0.00000,0.31601,0.00000,0.00000,0.00000
0.00000,0.00000,0.00000,0.16148,0.00000,0.34597,0.16959,0.00000,0.32296,0.00000,0.00000,0.00000
0.00000,0.00000,0.00000,0.16409,0.00000,0.31601,0.19171,0.00000,0.32818,0.00000,0.00000,0.00000
0.00000,0.00000,0.00000,0.16581,0.00000,0.28723,0.21535,0.00000,0.33161,0.00000,0.00000,0.00000
0.00000,0.00000,0.00000,0.16660,0.00000,0.25973,0.24046,0.00000,0.33321,0.00000,0.00000,0.00000
0.00000,0.00000,0.00000,0.16648,0.00000,0.23358,0.26698,0.00000,0.33296,0.00000,0.00000,0.00000
0.00000,0.00000,0.00000,0.16543,0.00000,0.20886,0.29484,0.00000,0.33087,0.00000,0.00000,0.00000
0.00000,0.00000,0.00000,0.16348,0.00000,0.18562,0.32394,0.00000,0.32696,0.00000,0.00000,0.00000
0.00000,0.00000,0.00000,0.16063,0.00000,0.16391,0.35419,0.00000,0.32126,0.00000,0.00000,0.00000
0.00000,0.00000,0.00000,0.15693,0.00000,0.14375,0.38546,0.00000,0.31386,0.00000,0.00000,0.00000
0.00000,0.00000,0.00000,0.15241,0.00000,0.12515,0.41762,0.00000,0.30482,0.00000,0.00000,0.00000
0.00000,0.00000,0.00000,0.14713,0.00000,0.10811,0.45052,0.00000,0.29425,0.00000,0.00000,0.00000
0.00000,0.00000,0.00000,0.14113,0.00000,0.09260,0.48400,0.00000,0.28227,0.00000,0.00000,0.00000
0.00000,0.00000,0.00000,0.13450,0.00000,0.07859,0.51791,0.00000,0.26900,0.00000,0.00000,0.00000
0.00000,0.00000,0.00000,0.12730,0.00000,0.06605,0.55206,0.00000,0.25460,0.00000,0.00000,0.00000
0.00000,0.00000,0.00000,0.11961,0.00000,0.05491,0.58626,0.00000,0.23922,0.00000,0.00000,0.00000
0.00000,0.00000,0.00000,0.11152,0.00000,0.04511,0.62033,0.00000,0.22304,0.00000,0.00000,0.00000
0.00000,0.00000,0.00000,0.10312,0.00000,0.03658,0.65407,0.00000,0.20623,0.00000,0.00000,0.00000
0.00000,0.00000,0.00000,0.09449,0.00000,0.02923,0.68729,0.00000,0.18899,0.00000,0.00000,0.00000
0.00000,0.00000,0.00000,0.08575,0.00000,0.02298,0.71977,0.00000,0.17149,0.00000,0.00000,0.00000
0.00000,0.00000,0.00000,0.07697,0.00000,0.01774,0.75133,0.00000,0.15395,0.00000,0.00000,0.00000
0.00000,0.00000,0.00000,0.06827,0.00000,0.01341,0.78177,0.00000,0.13654,0.00000,0.00000,0.00000
0.00000,0.00000,0.00000,0.05974,0.00000,0.00990,0.81089,0.00000,0.11947,0.00000,0.00000,0.00000
0.00000,0.00000,0.00000,0.05146,0.00000,0.00711,0.83851,0.00000,0.10292,0.00000,0.00000,0.00000
0.00000,0.00000,0.00000,0.04354,0.00000,0.00493,0.86444,0.00000,0.08708,0.00000,0.00000,0.00000
0.00000,0.00000,0.00000,0.03606,0.00000,0.00329,0.88852,0.00000,0.07212,0.00000,0.00000,0.00000
0.00000,0.00000,0.00000,0.02911,0.00000,0.00209,0.91059,0.00000,0.05821,0.00000,0.00000,0.00000
0.00000,0.00000,0.00000,0.02275,0.00000,0.00125,0.93049,0.00000,0.04551,0.00000,0.00000,0.00000
0.00000,0.00000,0.00000,0.01707,0.00000,0.00069,0.94809,0.00000,0.03414,0.00000,0.00000,0.00000
0.00000,0.00000,0.00000,0.01212,0.00000,0.00034,0.96328,0.00000,0.02425,0.00000,0.00000,0.00000
0.00000,0.00000,0.00000,0.00797,0.00000,0.00015,0.97595,0.00000,0.01593,0.00000,0.00000,0.00000
0.00000,0.00000,0.00000,0.00465,0.00000,0.00005,0.98601,0.00000,0.00929,0.00000,0.00000,0.00000
0.00000,0.00000,0.00000,0.00220,0.00000,0.00001,0.99340,0.00000,0.00439,0.00000,0.00000,0.00000
0.00000,0.00000,0.00000,0.00065,0.00000,0.00000,0.99806,0.00000,0.00130,0.00000,0.00000,0.00000
0.00000,0.00000,0.00000,0.00002,0.00000,0.00000,0.99995,0.00000,0.00003,0.00000,0.00000,0.00000
0.00000,0.00000,0.00000,0.00031,0.00000,0.00000,0.99908,0.00000,0.00062,0.00000,0.00000,0.00000
0.00000,0.00000,0.00000,0.00152,0.00000,0.00001,0.99543,0.00000,0.00304,0.00000,0.00000,0.00000
0.00000,0.00000,0.00000,0.00364,0.00000,0.00003,0.98905,0.00000,0.00728,0.00000,0.00000,0.00000
0.00000,0.00000,0.00000,0.00664,0.00000,0.00010,0.97997,0.00000,0.01329,0.00000,0.00000,0.00000
0.00000,0.00000,0.00000,0.01050,0.00000,0.00026,0.96825,0.00000,0.02100,0.00000,0.00000,0.00000
0.00000,0.00000,0.00000,0.01516,0.00000,0.00054,0.95398,0.00000,0.03032,0.00000,0.00000,0.00000
0.00000,0.00000,0.00000,0.02058,0.00000,0.00102,0.93725,0.00000,0.04116,0.00000,0.00000,0.00000
0.00000,0.00000,0.00000,0.02669,0.00000,0.00175,0.91818,0.00000,0.05338,0.00000,0.00000,0.00000
0.00000,0.00000,0.00000,0.03343,0.00000,0.00280,0.89689,0.00000,0.06687,0.00000,0.00000,0.00000
0.00000,0.00000,0.00000,0.04073,0.00000,0.00427,0.87354,0.00000,0.08146,0.00000,0.00000,0.00000
0.00000,0.00000,0.00000,0.04850,0.00000,0.00624,0.84827,0.00000,0.09700,0.00000,0.00000,0.00000
0.00000,0.00000,0.00000,0.05665,0.00000,0.00879,0.82125,0.00000,0.11330,0.00000,0.00000,0.00000
0.00000,0.00000,0.00000,0.06510,0.00000,0.01203,0.79266,0.00000,0.13020,0.00000,0.00000,0.00000
0.00000,0.00000,0.00000,0.07375,0.00000,0.01605,0.76269,0.00000,0.14751,0.00000,0.00000,0.00000
0.00000,0.00000,0.00000,0.08251,0.00000,0.02094,0.73152,0.00000,0.16503,0.00000,0.00000,0.00000
0.00000,0.00000,0.00000,0.09128,0.00000,0.02681,0.69935,0.00000,0.18256,0.00000,0.00000,0.00000
0.00000,0.00000,0.00000,0.09996,0.00000,0.03374,0.66638,0.00000,0.19992,0.00000,0.00000,0.00000
0.00000,0.00000,0.00000,0.10846,0.00000,0.04182,0.63281,0.00000,0.21691,0.00000,0.00000,0.00000
0.00000,0.00000,0.00000,0.11667,0.00000,0.05115,0.59884,0.00000,0.23334,0.00000,0.00000,0.00000
0.00000,0.00000,0.00000,0.12452,0.00000,0.06178,0.56466,0.00000,0.24904,0.00000,0.00000,0.00000
0.00000,0.00000,0.00000,0.13191,0.00000,0.07380,0.53047,0.00000,0.26382,0.00000,0.00000,0.00000
0.00000,0.00000,0.00000,0.13876,0.00000,0.08726,0.49645,0.00000,0.27752,0.00000,0.00000,0.00000
0.00000,0.00000,0.00000,0.14500,0.00000,0.10221,0.46279,0.00000,0.28999,0.00000,0.00000,0.00000
0.00000,0.00000,0.00000,0.15055,0.00000,0.11869,0.42966,0.00000,0.30110,0.00000,0.00000,0.00000
0.00000,0.00000,0.00000,0.15536,0.00000,0.13672,0.39721,0.00000,0.31071,0.00000,0.00000,0.00000
0.00000,0.00000,0.00000,0.15937,0.00000,0.15630,0.36560,0.00000,0.31873,0.00000,0.00000,0.00000
0.00000,0.00000,0.00000,0.16253,0.00000,0.17745,0.33496,0.00000,0.32506,0.00000,0.00000,0.00000
0.00000,0.00000,0.00000,0.16482,0.00000,0.20012,0.30542,0.00000,0.32964,0.00000,0.00000,0.00000
0.00000,0.00000,0.00000,0.16620,0.00000,0.22430,0.27709,0.00000,0.33240,0.00000,0.00000,0.00000
0.00000,0.00000,0.00000,0.16667,0.00000,0.24993,0.25007,0.00000,0.33333,0.00000,0.00000,0.00000
0.00000,0.00000,0.00000,0.16621,0.00000,0.27695,0.22443,0.00000,0.33241,0.00000,0.00000,0.00000
0.00000,0.00000,0.00000,0.16483,0.00000,0.30527,0.20024,0.00000,0.32966,0.00000,0.00000,0.00000
0.00000,0.00000,0.00000,0.16255,0.00000,0.33480,0.17756,0.00000,0.32509,0.00000,0.00000,0.00000
0.00000,0.00000,0.00000,0.15938,0.00000,0.36544,0.15641,0.00000,0.31877,0.00000,0.00000,0.00000
0.00000,0.00000,0.00000,0.15538,0.00000,0.39704,0.13682,0.00000,0.31076,0.00000,0.00000,0.00000
0.00000,0.00000,0.00000,0.15058,0.00000,0.42949,0.11878,0.00000,0.30115,0.00000,0.00000,0.00000
0.00000,0.00000,0.00000,0.14503,0.00000,0.46262,0.10230,0.00000,0.29006,0.00000,0.00000,0.00000
0.00000,0.00000,0.00000,0.13879,0.00000,0.49628,0.08734,0.00000,0.27759,0.00000,0.00000,0.00000
0.00000,0.00000,0.00000,0.13195,0.00000,0.53029,0.07387,0.00000,0.26389,0.00000,0.00000,0.00000
0.00000,0.00000,0.00000,0.12456,0.00000,0.56448,0.06184,0.00000,0.24912,0.00000,0.00000,0.00000
0.00000,0.00000,0.00000,0.11671,0.00000,0.59866,0.05120,0.00000,0.23343,0.00000,0.00000,0.00000
0.00000,0.00000,0.00000,0.10850,0.00000,0.63263,0.04187,0.00000,0.21700,0.00000,0.00000,0.00000
0.00000,0.00000,0.00000,0.10001,0.00000,0.66621,0.03378,0.00000,0.20001,0.00000,0.00000,0.00000
0.00000,0.00000,0.00000,0.09133,0.00000,0.69918,0.02684,0.00000,0.18265,0.00000,0.00000,0.00000
0.00000,0.00000,0.00000,0.08256,0.00000,0.73135,0.02097,0.00000,0.16512,0.00000,0.00000,0.00000
0.00000,0.00000,0.00000,0.07380,0.00000,0.76253,0.01607,0.00000,0.14760,0.00000,0.00000,0.00000
0.00000,0.00000,0.00000,0.06515,0.00000,0.79251,0.01205,0.00000,0.13029,0.00000,0.00000,0.00000
0.00000,0.00000,0.00000,0.05670,0.00000,0.82111,0.00881,0.00000,0.11339,0.00000,0.00000,0.00000
0.00000,0.00000,0.00000,0.04854,0.00000,0.84813,0.00625,0.00000,0.09708,0.00000,0.00000,0.00000
0.00000,0.00000,0.00000,0.04077,0.00000,0.87341,0.00428,0.00000,0.08154,0.00000,0.00000,0.00000
0.00000,0.00000,0.00000,0.03347,0.00000,0.89678,0.00281,0.00000,0.06694,0.00000,0.00000,0.00000
0.00000,0.00000,0.00000,0.02673,0.00000,0.91807,0.00175,0.00000,0.05345,0.00000,0.00000,0.00000
0.00000,0.00000,0.00000,0.02061,0.00000,0.93715,0.00102,0.00000,0.04122,0.00000,0.00000,0.00000
0.00000,0.00000,0.00000,0.01519,0.00000,0.95390,0.00054,0.00000,0.03037,0.00000,0.00000,0.00000
0.00000,0.00000,0.00000,0.01052,0.00000,0.96818,0.00026,0.00000,0.02104,0.00000,0.00000,0.00000
0.00000,0.00000,0.00000,0.00666,0.00000,0.97991,0.00010,0.00000,0.01332,0.00000,0.00000,0.00000
0.00000,0.00000,0.00000,0.00365,0.00000,0.98901,0.00003,0.00000,0.00731,0.00000,0.00000,0.00000
0.00000,0.00000,0.00000,0.00153,0.00000,0.99541,0.00001,0.00000,0.00306,0.00000,0.00000,0.00000
0.00000,0.00000,0.00000,0.00031,0.00000,0.99907,0.00000,0.00000,0.00062,0.00000,0.00000,0.00000
0.00000,0.00000,0.00000,0.00001,0.00000,0.99996,0.00000,0.00000,0.00003,0.00000,0.00000,0.00000
0.00000,0.00000,0.00000,0.00064,0.00000,0.99807,0.00000,0.00000,0.00128,0.00000,0.00000,0.00000
0.00000,0.00000,0.00000,0.00219,0.00000,0.99343,0.00001,0.00000,0.00437,0.00000,0.00000,0.00000
0.00000,0.00000,0.00000,0.00463,0.00000,0.98606,0.00005,0.00000,0.00926,0.00000,0.00000,0.00000
0.00000,0.00000,0.00000,0.00795,0.00000,0.97601,0.00015,0.00000,0.01590,0.00000,0.00000,0.00000
0.00000,0.00000,0.00000,0.01210,0.00000,0.96336,0.00034,0.00000,0.02420,0.00000,0.00000,0.00000
0.00000,0.00000,0.00000,0.01704,0.00000,0.94818,0.00069,0.00000,0.03409,0.00000,0.00000,0.00000
0.00000,0.00000,0.00000,0.02272,0.00000,0.93059,0.00125,0.00000,0.04544,0.00000,0.00000,0.00000
0.00000,0.00000,0.00000,0.02907,0.00000,0.91070,0.00209,0.00000,0.05814,0.00000,0.00000,0.00000
0.00000,0.00000,0.00000,0.03602,0.00000,0.88864,0.00329,0.00000,0.07205,0.00000,0.00000,0.00000
0.00000,0.00000,0.00000,0.04350,0.00000,0.86457,0.00492,0.00000,0.08700,0.00000,0.00000,0.00000
0.00000,0.00000,0.00000,0.05142,0.00000,0.83865,0.00709,0.00000,0.10284,0.00000,0.00000,0.00000
0.00000,0.00000,0.00000,0.05969,0.00000,0.81104,0.00988,0.00000,0.11938,0.00000,0.00000,0.00000
0.00000,0.00000,0.00000,0.06823,0.00000,0.78193,0.01339,0.00000,0.13645,0.00000,0.00000,0.00000
0.00000,0.00000,0.00000,0.07693,0.00000,0.75150,0.01772,0.00000,0.15386,0.00000,0.00000,0.00000
0.00000,0.00000,0.00000,0.08570,0.00000,0.71994,0.02295,0.00000,0.17140,0.00000,0.00000,0.00000
0.00000,0.00000,0.00000,0.09445,0.00000,0.68746,0.02920,0.00000,0.18890,0.00000,0.00000,0.00000
0.00000,0.00000,0.00000,0.10307,0.00000,0.65425,0.03654,0.00000,0.20614,0.00000,0.00000,0.00000
0.00000,0.00000,0.00000,0.11148,0.00000,0.62051,0.04506,0.00000,0.22295,0.00000,0.00000,0.00000
0.00000,0.00000,0.00000,0.11957,0.00000,0.58644,0.05485,0.00000,0.23914,0.00000,0.00000,0.00000
0.00000,0.00000,0.00000,0.12726,0.00000,0.55224,0.06598,0.00000,0.25452,0.00000,0.00000,0.00000
0.00000,0.00000,0.00000,0.13446,0.00000,0.51809,0.07852,0.00000,0.26893,0.00000,0.00000,0.00000
0.00000,0.00000,0.00000,0.14110,0.00000,0.48418,0.09252,0.00000,0.28220,0.00000,0.00000,0.00000
0.00000,0.00000,0.00000,0.14710,0.00000,0.45069,0.10802,0.00000,0.29419,0.00000,0.00000,0.00000
0.00000,0.00000,0.00000,0.15239,0.00000,0.41779,0.12506,0.00000,0.30477,0.00000,0.00000,0.00000
0.00000,0.00000,0.00000,0.15691,0.00000,0.38562,0.14365,0.00000,0.31382,0.00000,0.00000,0.00000
0.00000,0.00000,0.00000,0.16062,0.00000,0.35435,0.16380,0.00000,0.32123,0.00000,0.00000,0.00000
0.00000,0.00000,0.00000,0.16347,0.00000,0.32410,0.18550,0.00000,0.32693,0.00000,0.00000,0.00000
0.00000,0.00000,0.00000,0.16543,0.00000,0.29499,0.20873,0.00000,0.33085,0.00000,0.00000,0.00000
0.00000,0.00000,0.00000,0.16648,0.00000,0.26712,0.23344,0.00000,0.33296,0.00000,0.00000,0.00000
0.00000,0.00000,0.00000,0.16661,0.00000,0.24059,0.25959,0.00000,0.33321,0.00000,0.00000,0.00000
0.00000,0.00000,0.00000,0.16581,0.00000,0.21548,0.28709,0.00000,0.33162,0.00000,0.00000,0.00000
0.00000,0.00000,0.00000,0.16410,0.00000,0.19183,0.31586,0.00000,0.32821,0.00000,0.00000,0.00000
0.00000,0.00000,0.00000,0.16150,0.00000,0.16970,0.34581,0.00000,0.32300,0.00000,0.00000,0.00000
0.00000,0.00000,0.00000,0.15803,0.00000,0.14911,0.37681,0.00000,0.31605,0.00000,0.00000,0.00000
0.00000,0.00000,0.00000,0.15373,0.00000,0.13009,0.40874,0.00000,0.30745,0.00000,0.00000,0.00000
0.00000,0.00000,0.00000,0.14864,0.00000,0.11262,0.44145,0.00000,0.29729,0.00000,0.00000,0.00000
0.00000,0.00000,0.00000,0.14284,0.00000,0.09669,0.47479,0.00000,0.28568,0.00000,0.00000,0.00000
0.00000,0.00000,0.00000,0.13637,0.00000,0.08228,0.50860,0.00000,0.27275,0.00000,0.00000,0.00000
0.00000,0.00000,0.00000,0.12932,0.00000,0.06934,0.54270,0.00000,0.25864,0.00000,0.00000,0.00000
0.00000,0.00000,0.00000,0.12176,0.00000,0.05782,0.57691,0.00000,0.24352,0.00000,0.00000,0.00000
0.00000,0.00000,0.00000,0.11377,0.00000,0.04766,0.61103,0.00000,0.22754,0.00000,0.00000,0.00000
0.00000,0.00000,0.00000,0.10544,0.00000,0.03879,0.64488,0.00000,0.21088,0.00000,0.00000,0.00000
0.00000,0.00000,0.00000,0.09687,0.00000,0.03113,0.67826,0.00000,0.19374,0.00000,0.00000,0.00000
0.00000,0.00000,0.00000,0.08815,0.00000,0.02459,0.71097,0.00000,0.17630,0.00000,0.00000,0.00000
0.00000,0.00000,0.00000,0.07937,0.00000,0.01908,0.74280,0.00000,0.15874,0.00000,0.00000,0.00000
0.00000,0.00000,0.00000,0.07064,0.00000,0.01451,0.77356,0.00000,0.14128,0.00000,0.00000,0.00000
0.00000,0.00000,0.00000,0.06205,0.00000,0.01079,0.80306,0.00000,0.12410,0.00000,0.00000,0.00000
0.00000,0.00000,0.00000,0.05369,0.00000,0.00781,0.83111,0.00000,0.10739,0.00000,0.00000,0.00000
0.00000,0.00000,0.00000,0.04567,0.00000,0.00547,0.85752,0.00000,0.09134,0.00000,0.00000,0.00000
0.00000,0.00000,0.00000,0.03806,0.00000,0.00369,0.88213,0.00000,0.07612,0.00000,0.00000,0.00000
0.00000,0.00000,0.00000,0.03095,0.00000,0.00238,0.90476,0.00000,0.06191,0.00000,0.00000,0.00000
0.00000,0.00000,0.00000,0.02443,0.00000,0.00145,0.92526,0.00000,0.04886,0.00000,0.00000,0.00000
0.00000,0.00000,0.00000,0.01856,0.00000,0.00082,0.94351,0.00000,0.03711,0.00000,0.00000,0.00000
0.00000,0.00000,0.00000,0.01340,0.00000,0.00042,0.95937,0.00000,0.02680,0.00000,0.00000,0.00000
0.00000,0.00000,0.00000,0.00902,0.00000,0.00019,0.97274,0.00000,0.01805,0.00000,0.00000,0.00000
0.00000,0.00000,0.00000,0.00547,0.00000,0.00007,0.98352,0.00000,0.01094,0.00000,0.00000,0.00000
0.00000,0.00000,0.00000,0.00278,0.00000,0.00002,0.99165,0.00000,0.00556,0.00000,0.00000,0.00000
0.00000,0.00000,0.00000,0.00098,0.00000,0.00000,0.99705,0.00000,0.00196,0.00000,0.00000,0.00000
0.00000,0.00000,0.00000,0.00010,0.00000,0.00000,0.99971,0.00000,0.00019,0.00000,0.00000,0.00000
0.00000,0.00000,0.00000,0.00014,0.00000,0.00000,0.99959,0.00000,0.00027,0.00000,0.00000,0.00000
0.00000,0.00000,0.00000,0.00110,0.00000,0.00000,0.99670,0.00000,0.00220,0.00000,0.00000,0.00000
0.00000,0.00000,0.00000,0.00297,0.00000,0.00002,0.99107,0.00000,0.00594,0.00000,0.00000,0.00000
0.00000,0.00000,0.00000,0.00574,0.00000,0.00008,0.98272,0.00000,0.01147,0.00000,0.00000,0.00000
0.00000,0.00000,0.00000,0.00936,0.00000,0.00020,0.97171,0.00000,0.01872,0.00000,0.00000,0.00000
0.00000,0.00000,0.00000,0.01381,0.00000,0.00045,0.95813,0.00000,0.02761,0.00000,0.00000,0.00000
0.00000,0.00000,0.00000,0.01902,0.00000,0.00086,0.94206,0.00000,0.03805,0.00000,0.00000,0.00000
0.00000,0.00000,0.00000,0.02495,0.00000,0.00152,0.92362,0.00000,0.04991,0.00000,0.00000,0.00000
0.00000,0.00000,0.00000,0.03153,0.00000,0.00248,0.90293,0.00000,0.06306,0.00000,0.00000,0.00000
0.00000,0.00000,0.00000,0.03868,0.00000,0.00383,0.88013,0.00000,0.07737,0.00000,0.00000,0.00000
0.00000,0.00000,0.00000,0.04633,0.00000,0.00565,0.85536,0.00000,0.09266,0.00000,0.00000,0.00000
0.00000,0.00000,0.00000,0.05439,0.00000,0.00803,0.82881,0.00000,0.10877,0.00000,0.00000,0.00000
0.00000,0.00000,0.00000,0.06277,0.00000,0.01107,0.80063,0.00000,0.12553,0.00000,0.00000,0.00000
0.00000,0.00000,0.00000,0.07137,0.00000,0.01487,0.77102,0.00000,0.14274,0.00000,0.00000,0.00000
0.00000,0.00000,0.00000,0.08011,0.00000,0.01951,0.74016,0.00000,0.16022,0.00000,0.00000,0.00000
0.00000,0.00000,0.00000,0.08889,0.00000,0.02510,0.70824,0.00000,0.17777,0.00000,0.00000,0.00000
0.00000,0.00000,0.00000,0.09760,0.00000,0.03173,0.67547,0.00000,0.19520,0.00000,0.00000,0.00000
0.00000,0.00000,0.00000,0.10615,0.00000,0.03949,0.64205,0.00000,0.21231,0.00000,0.00000,0.00000
0.00000,0.00000,0.00000,0.11446,0.00000,0.04847,0.60816,0.00000,0.22891,0.00000,0.00000,0.00000
0.00000,0.00000,0.00000,0.12241,0.00000,0.05874,0.57402,0.00000,0.24483,0.00000,0.00000,0.00000
0.00000,0.00000,0.00000,0.12994,0.00000,0.07037,0.53982,0.00000,0.25987,0.00000,0.00000,0.00000
0.00000,0.00000,0.00000,0.13694,0.00000,0.08343,0.50574,0.00000,0.27389,0.00000,0.00000,0.00000
0.00000,0.00000,0.00000,0.14336,0.00000,0.09797,0.47196,0.00000,0.28671,0.00000,0.00000,0.00000
0.00000,0.00000,0.00000,0.14910,0.00000,0.11403,0.43866,0.00000,0.29820,0.00000,0.00000,0.00000
0.00000,0.00000,0.00000,0.15412,0.00000,0.13163,0.40601,0.00000,0.30824,0.00000,0.00000,0.00000
0.00000,0.00000,0.00000,0.15835,0.00000,0.15079,0.37416,0.00000,0.31670,0.00000,0.00000,0.00000
0.00000,0.00000,0.00000,0.16175,0.00000,0.17151,0.34324,0.00000,0.32350,0.00000,0.00000,0.00000
0.00000,0.00000,0.00000,0.16428,0.00000,0.19377,0.31339,0.00000,0.32856,0.00000,0.00000,0.00000
0.00000,0.00000,0.00000,0.16591,0.00000,0.21754,0.28472,0.00000,0.33183,0.00000,0.00000,0.00000
0.00000,0.00000,0.00000,0.16663,0.00000,0.24278,0.25733,0.00000,0.33326,0.00000,0.00000,0.00000
0.00000,0.00000,0.00000,0.16642,0.00000,0.26942,0.23131,0.00000,0.33285,0.00000,0.00000,0.00000
0.00000,0.00000,0.00000,0.16530,0.00000,0.29739,0.20672,0.00000,0.33059,0.00000,0.00000,0.00000
0.00000,0.00000,0.00000,0.16326,0.00000,0.32661,0.18362,0.00000,0.32652,0.00000,0.00000,0.00000
0.00000,0.00000,0.00000,0.16034,0.00000,0.35695,0.16204,0.00000,0.32067,0.00000,0.00000,0.00000
0.00000,0.00000,0.00000,0.15656,0.00000,0.38830,0.14202,0.00000,0.31312,0.00000,0.00000,0.00000
0.00000,0.00000,0.00000,0.15197,0.00000,0.42053,0.12356,0.00000,0.30394,0.00000,0.00000,0.00000
0.00000,0.00000,0.00000,0.14662,0.00000,0.45349,0.10666,0.00000,0.29323,0.00000,0.00000,0.00000
0.00000,0.00000,0.00000,0.14056,0.00000,0.48702,0.09128,0.00000,0.28113,0.00000,0.00000,0.00000
0.00000,0.00000,0.00000,0.13388,0.00000,0.52096,0.07741,0.00000,0.26775,0.00000,0.00000,0.00000
0.00000,0.00000,0.00000,0.12663,0.00000,0.55512,0.06499,0.00000,0.25326,0.00000,0.00000,0.00000
0.00000,0.00000,0.00000,0.11890,0.00000,0.58932,0.05398,0.00000,0.23780,0.00000,0.00000,0.00000
0.00000,0.00000,0.00000,0.11078,0.00000,0.62337,0.04430,0.00000,0.22156,0.00000,0.00000,0.00000
0.00000,0.00000,0.00000,0.10235,0.00000,0.65707,0.03587,0.00000,0.20470,0.00000,0.00000,0.00000
0.00000,0.00000,0.00000,0.09371,0.00000,0.69023,0.02863,0.00000,0.18743,0.00000,0.00000,0.00000
0.00000,0.00000,0.00000,0.08496,0.00000,0.72264,0.02248,0.00000,0.16992,0.00000,0.00000,0.00000
0.00000,0.00000,0.00000,0.07619,0.00000,0.75411,0.01732,0.00000,0.15238,0.00000,0.00000,0.00000
0.00000,0.00000,0.00000,0.06750,0.00000,0.78443,0.01307,0.00000,0.13500,0.00000,0.00000,0.00000
0.00000,0.00000,0.00000,0.05898,0.00000,0.81343,0.00962,0.00000,0.11797,0.00000,0.00000,0.00000
0.00000,0.00000,0.00000,0.05074,0.00000,0.84090,0.00689,0.00000,0.10147,0.00000,0.00000,0.00000
0.00000,0.00000,0.00000,0.04285,0.00000,0.86668,0.00477,0.00000,0.08570,0.00000,0.00000,0.00000
0.00000,0.00000,0.00000,0.03542,0.00000,0.89058,0.00317,0.00000,0.07083,0.00000,0.00000,0.00000
0.00000,0.00000,0.00000,0.02851,0.00000,0.91246,0.00200,0.00000,0.05703,0.00000,0.00000,0.00000
0.00000,0.00000,0.00000,0.02222,0.00000,0.93216,0.00119,0.00000,0.04443,0.00000,0.00000,0.00000
0.00000,0.00000,0.00000,0.01660,0.00000,0.94955,0.00065,0.00000,0.03320,0.00000,0.00000,0.00000
0.00000,0.00000,0.00000,0.01172,0.00000,0.96452,0.00032,0.00000,0.02344,0.00000,0.00000,0.00000
0.00000,0.00000,0.00000,0.00764,0.00000,0.97696,0.00013,0.00000,0.01527,0.00000,0.00000,0.00000
0.00000,0.00000,0.00000,0.00439,0.00000,0.98678,0.00004,0.00000,0.00878,0.00000,0.00000,0.00000
0.00000,0.00000,0.00000,0.00202,0.00000,0.99393,0.00001,0.00000,0.00404,0.00000,0.00000,0.00000
0.00000,0.00000,0.00000,0.00055,0.00000,0.99834,0.00000,0.00000,0.00111,0.00000,0.00000,0.00000
0.00000,0.00000,0.00000,0.00000,0.00000,0.99999,0.00000,0.00000,0.00001,0.00000,0.00000,0.00000
0.00000,0.00000,0.00000,0.00038,0.00000,0.99886,0.00000,0.00000,0.00076,0.00000,0.00000,0.00000
0.00000,0.00000,0.00000,0.00167,0.00000,0.99497,0.00001,0.00000,0.00335,0.00000,0.00000,0.00000
0.00000,0.00000,0.00000,0.00387,0.00000,0.98835,0.00003,0.00000,0.00775,0.00000,0.00000,0.00000
0.00000,0.00000,0.00000,0.00695,0.00000,0.97902,0.00011,0.00000,0.01391,0.00000,0.00000,0.00000
0.00000,0.00000,0.00000,0.01088,0.00000,0.96707,0.00028,0.00000,0.02177,0.00000,0.00000,0.00000
0.00000,0.00000,0.00000,0.01562,0.00000,0.95258,0.00058,0.00000,0.03123,0.00000,0.00000,0.00000
0.00000,0.00000,0.00000,0.02110,0.00000,0.93564,0.00107,0.00000,0.04220,0.00000,0.00000,0.00000
0.00000,0.00000,0.00000,0.02727,0.00000,0.91636,0.00183,0.00000,0.05454,0.00000,0.00000,0.00000
0.00000,0.00000,0.00000,0.03407,0.00000,0.89488,0.00292,0.00000,0.06813,0.00000,0.00000,0.00000
0.00000,0.00000,0.00000,0.04141,0.00000,0.87135,0.00443,0.00000,0.08281,0.00000,0.00000,0.00000
0.00000,0.00000,0.00000,0.04921,0.00000,0.84592,0.00644,0.00000,0.09843,0.00000,0.00000,0.00000
0.00000,0.00000,0.00000,0.05740,0.00000,0.81875,0.00905,0.00000,0.11480,0.00000,0.00000,0.00000
0.00000,0.00000,0.00000,0.06587,0.00000,0.79003,0.01236,0.00000,0.13174,0.00000,0.00000,0.00000
0.00000,0.00000,0.00000,0.07454,0.00000,0.75994,0.01645,0.00000,0.14907,0.00000,0.00000,0.00000
0.00000,0.00000,0.00000,0.08330,0.00000,0.72868,0.02143,0.00000,0.16660,0.00000,0.00000,0.00000
0.00000,0.00000,0.00000,0.09206,0.00000,0.69643,0.02738,0.00000,0.18413,0.00000,0.00000,0.00000
0.00000,0.00000,0.00000,0.10073,0.00000,0.66340,0.03441,0.00000,0.20146,0.00000,0.00000,0.00000
0.00000,0.00000,0.00000,0.10920,0.00000,0.62978,0.04261,0.00000,0.21841,0.00000,0.00000,0.00000
0.00000,0.00000,0.00000,0.11739,0.00000,0.59578,0.05204,0.00000,0.23478,0.00000,0.00000,0.00000
0.00000,0.00000,0.00000,0.12520,0.00000,0.56160,0.06280,0.00000,0.25040,0.00000,0.00000,0.00000
0.00000,0.00000,0.00000,0.13255,0.00000,0.52742,0.07495,0.00000,0.26509,0.00000,0.00000,0.00000
0.00000,0.00000,0.00000,0.13934,0.00000,0.49343,0.08854,0.00000,0.27869,0.00000,0.00000,0.00000
0.00000,0.00000,0.00000,0.14552,0.00000,0.45980,0.10363,0.00000,0.29105,0.00000,0.00000,0.00000
