0.00000,0.00000,1.00000,0.00000,0.00000,0.00000
0.00000,0.00023,0.99977,0.00000,0.00000,0.00000
0.00000,0.00092,0.99908,0.00000,0.00000,0.00000
0.00000,0.00208,0.99792,0.00000,0.00000,0.00000
0.00001,0.00368,0.99631,0.00000,0.00000,0.00000
0.00002,0.00574,0.99424,0.00000,0.00001,0.00000
0.00003,0.00823,0.99172,0.00000,0.00002,0.00000
0.00006,0.01116,0.98874,0.00000,0.00003,0.00000
0.00011,0.01451,0.98533,0.00000,0.00005,0.00000
0.00017,0.01827,0.98147,0.00000,0.00009,0.00000
0.00026,0.02242,0.97718,0.00000,0.00013,0.00000
0.00038,0.02696,0.97247,0.00001,0.00019,0.00000
0.00053,0.03185,0.96734,0.00001,0.00027,0.00000
0.00073,0.03710,0.96180,0.00001,0.00036,0.00000
0.00097,0.04267,0.95585,0.00002,0.00049,0.00000
0.00127,0.04854,0.94951,0.00003,0.00064,0.00000
0.00164,0.05470,0.94280,0.00005,0.00082,0.00000
0.00207,0.06113,0.93570,0.00007,0.00103,0.00000
0.00257,0.06779,0.92825,0.00010,0.00129,0.00000
0.00316,0.07467,0.92045,0.00014,0.00158,0.00000
0.00384,0.08175,0.91231,0.00018,0.00192,0.00000
0.00461,0.08899,0.90384,0.00024,0.00231,0.00000
0.00549,0.09638,0.89506,0.00032,0.00275,0.00000
0.00648,0.10388,0.88598,0.00041,0.00324,0.00000
0.00759,0.11148,0.87661,0.00053,0.00379,0.00000
0.00881,0.11914,0.86697,0.00067,0.00441,0.00001
0.01016,0.12684,0.85707,0.00084,0.00508,0.00001
0.01165,0.13455,0.84692,0.00105,0.00583,0.00001
0.01327,0.14225,0.83654,0.00129,0.00664,0.00002
0.01503,0.14992,0.82594,0.00157,0.00752,0.00002
0.01694,0.15752,0.81514,0.00191,0.00847,0.00003
0.01899,0.16504,0.80415,0.00229,0.00949,0.00003
0.02119,0.17245,0.79298,0.00274,0.01059,0.00004
0.02353,0.17973,0.78166,0.00326,0.01177,0.00005
0.02603,0.18685,0.77019,0.00385,0.01301,0.00007
0.02867,0.19380,0.75859,0.00452,0.01434,0.00009
0.03146,0.20055,0.74687,0.00528,0.01573,0.00011
0.03439,0.20708,0.73505,0.00614,0.01720,0.00013
0.03747,0.21338,0.72314,0.00711,0.01873,0.00016
0.04068,0.21943,0.71116,0.00819,0.02034,0.00020
0.04402,0.22522,0.69912,0.00939,0.02201,0.00024
0.04750,0.23072,0.68703,0.01072,0.02375,0.00029
0.05109,0.23592,0.67491,0.01219,0.02554,0.00035
0.05479,0.24082,0.66276,0.01382,0.02739,0.00042
0.05860,0.24540,0.65061,0.01560,0.02930,0.00049
0.06250,0.24965,0.63846,0.01755,0.03125,0.00058
0.06649,0.25356,0.62633,0.01968,0.03325,0.00069
0.07055,0.25713,0.61422,0.02200,0.03528,0.00081
0.07468,0.26036,0.60216,0.02452,0.03734,0.00095
0.07887,0.26322,0.59014,0.02723,0.03943,0.00110
0.08309,0.26574,0.57819,0.03016,0.04154,0.00128
0.08734,0.26789,0.56630,0.03332,0.04367,0.00148
0.09160,0.26969,0.55450,0.03670,0.04580,0.00171
0.09587,0.27114,0.54278,0.04032,0.04793,0.00196
0.10012,0.27223,0.53116,0.04418,0.05006,0.00225
0.10434,0.27297,0.51965,0.04830,0.05217,0.00257
0.10852,0.27336,0.50826,0.05267,0.05426,0.00293
0.11265,0.27342,0.49698,0.05730,0.05632,0.00333
0.11670,0.27314,0.48584,0.06220,0.05835,0.00377
0.12067,0.27254,0.47483,0.06736,0.06034,0.00426
0.12454,0.27162,0.46396,0.07280,0.06227,0.00480
0.12830,0.27040,0.45323,0.07851,0.06415,0.00540
0.13193,0.26889,0.44266,0.08450,0.06596,0.00606
0.13542,0.26709,0.43225,0.09076,0.06771,0.00678
0.13875,0.26502,0.42200,0.09729,0.06937,0.00757
0.14191,0.26269,0.41191,0.10410,0.07096,0.00843
0.14490,0.26012,0.40199,0.11117,0.07245,0.00937
0.14769,0.25732,0.39224,0.11851,0.07385,0.01040
0.15028,0.25429,0.38267,0.12611,0.07514,0.01151
0.15266,0.25107,0.37327,0.13395,0.07633,0.01272
0.15482,0.24766,0.36404,0.14205,0.07741,0.01402
0.15675,0.24407,0.35500,0.15037,0.07837,0.01543
0.15844,0.24033,0.34614,0.15892,0.07922,0.01695
0.15988,0.23644,0.33746,0.16769,0.07994,0.01859
0.16107,0.23243,0.32896,0.17665,0.08054,0.02035
0.16201,0.22830,0.32064,0.18580,0.08101,0.02224
0.16269,0.22407,0.31250,0.19512,0.08135,0.02426
0.16311,0.21976,0.30454,0.20460,0.08156,0.02643
0.16326,0.21539,0.29676,0.21422,0.08163,0.02874
0.16315,0.21095,0.28916,0.22395,0.08158,0.03120
0.16278,0.20647,0.28174,0.23379,0.08139,0.03383
0.16214,0.20197,0.27449,0.24371,0.08107,0.03661
0.16125,0.19745,0.26742,0.25369,0.08062,0.03957
0.16010,0.19293,0.26051,0.26370,0.08005,0.04271
0.15869,0.18841,0.25378,0.27374,0.07935,0.04603
0.15704,0.18392,0.24721,0.28376,0.07852,0.04954
0.15516,0.17946,0.24081,0.29376,0.07758,0.05325
0.15304,0.17504,0.23456,0.30369,0.07652,0.05715
0.15069,0.17067,0.22848,0.31355,0.07535,0.06126
0.14814,0.16636,0.22255,0.32330,0.07407,0.06558
0.14537,0.16212,0.21678,0.33293,0.07269,0.07012
0.14242,0.15795,0.21115,0.34239,0.07121,0.07488
0.13928,0.15387,0.20567,0.35167,0.06964,0.07986
0.13598,0.14989,0.20033,0.36075,0.06799,0.08507
0.13252,0.14600,0.19512,0.36959,0.06626,0.09052
0.12891,0.14221,0.19006,0.37817,0.06446,0.09620
0.12518,0.13853,0.18512,0.38647,0.06259,0.10212
0.12132,0.13496,0.18032,0.39446,0.06066,0.10829
0.11737,0.13151,0.17563,0.40211,0.05868,0.11469
0.11333,0.12817,0.17107,0.40942,0.05666,0.12135
0.10921,0.12496,0.16662,0.41634,0.05461,0.12825
0.10504,0.12188,0.16229,0.42287,0.05252,0.13541
0.10082,0.11892,0.15807,0.42898,0.05041,0.14281
0.09657,0.11609,0.15395,0.43464,0.04829,0.15046
0.09231,0.11339,0.14994,0.43985,0.04615,0.15836
0.08804,0.11082,0.14602,0.44458,0.04402,0.16652
0.08379,0.10838,0.14220,0.44882,0.04190,0.17491
0.07956,0.10607,0.13847,0.45256,0.03978,0.18356
0.07537,0.10390,0.13482,0.45577,0.03769,0.19244
0.07124,0.10185,0.13127,0.45846,0.03562,0.20157
0.06716,0.09994,0.12779,0.46060,0.03358,0.21094
0.06316,0.09815,0.12439,0.46219,0.03158,0.22053
0.05924,0.09650,0.12107,0.46322,0.02962,0.23035
0.05541,0.09497,0.11781,0.46369,0.02771,0.24040
0.05169,0.09357,0.11463,0.46360,0.02585,0.25066
0.04808,0.09230,0.11151,0.46293,0.02404,0.26113
0.04459,0.09115,0.10846,0.46170,0.02230,0.27181
0.04123,0.09012,0.10546,0.45990,0.02061,0.28268
0.03799,0.08921,0.10253,0.45754,0.01900,0.29374
0.03489,0.08842,0.09965,0.45461,0.01745,0.30497
0.03194,0.08775,0.09682,0.45114,0.01597,0.31638
0.02912,0.08720,0.09404,0.44712,0.01456,0.32795
0.02646,0.08676,0.09131,0.44258,0.01323,0.33967
0.02394,0.08643,0.08862,0.43751,0.01197,0.35153
0.02157,0.08621,0.08598,0.43193,0.01078,0.36352
0.01934,0.08610,0.08339,0.42586,0.00967,0.37563
0.01727,0.08610,0.08083,0.41932,0.00863,0.38785
0.01534,0.08620,0.07831,0.41232,0.00767,0.40016
0.01355,0.08641,0.07583,0.40488,0.00678,0.41255
0.01191,0.08671,0.07339,0.39702,0.00595,0.42502
0.01040,0.08711,0.07098,0.38877,0.00520,0.43754
0.00903,0.08761,0.06860,0.38015,0.00451,0.45010
0.00778,0.08820,0.06626,0.37118,0.00389,0.46269
0.00666,0.08888,0.06395,0.36188,0.00333,0.47530
0.00565,0.08964,0.06168,0.35229,0.00282,0.48792
0.00475,0.09049,0.05943,0.34243,0.00238,0.50052
0.00396,0.09143,0.05722,0.33232,0.00198,0.51309
0.00327,0.09244,0.05503,0.32200,0.00163,0.52563
0.00266,0.09352,0.05288,0.31149,0.00133,0.53811
0.00214,0.09468,0.05075,0.30083,0.00107,0.55053
0.00170,0.09590,0.04866,0.29003,0.00085,0.56286
0.00133,0.09718,0.04660,0.27912,0.00066,0.57510
0.00102,0.09852,0.04457,0.26815,0.00051,0.58723
0.00077,0.09992,0.04257,0.25713,0.00038,0.59923
0.00056,0.10136,0.04060,0.24609,0.00028,0.61110
0.00040,0.10284,0.03867,0.23507,0.00020,0.62282
0.00028,0.10436,0.03676,0.22408,0.00014,0.63437
0.00018,0.10592,0.03490,0.21316,0.00009,0.64575
0.00012,0.10749,0.03307,0.20233,0.00006,0.65694
0.00007,0.10908,0.03127,0.19162,0.00003,0.66792
0.00004,0.11068,0.02951,0.18105,0.00002,0.67869
0.00002,0.11229,0.02780,0.17064,0.00001,0.68924
0.00001,0.11389,0.02612,0.16043,0.00000,0.69955
0.00000,0.11548,0.02448,0.15042,0.00000,0.70961
0.00000,0.11705,0.02288,0.14064,0.00000,0.71942
0.00000,0.11859,0.02133,0.13111,0.00000,0.72896
0.00000,0.12010,0.01982,0.12185,0.00000,0.73822
0.00000,0.12156,0.01836,0.11288,0.00000,0.74720
0.00000,0.12296,0.01695,0.10420,0.00000,0.75589
0.00000,0.12431,0.01559,0.09583,0.00000,0.76427
0.00001,0.12558,0.01427,0.08779,0.00000,0.77235
0.00001,0.12677,0.01301,0.08009,0.00001,0.78011
0.00003,0.12787,0.01180,0.07273,0.00002,0.78755
0.00006,0.12888,0.01065,0.06573,0.00003,0.79466
0.00010,0.12977,0.00955,0.05908,0.00005,0.80145
0.00016,0.13055,0.00851,0.05280,0.00008,0.80790
0.00024,0.13121,0.00752,0.04689,0.00012,0.81401
0.00036,0.13173,0.00660,0.04136,0.00018,0.81978
0.00050,0.13211,0.00573,0.03619,0.00025,0.82521
0.00069,0.13235,0.00492,0.03139,0.00035,0.83029
0.00093,0.13243,0.00418,0.02697,0.00046,0.83503
0.00122,0.13234,0.00349,0.02291,0.00061,0.83942
0.00157,0.13209,0.00287,0.01921,0.00079,0.84347
0.00199,0.13167,0.00231,0.01587,0.00099,0.84717
0.00248,0.13106,0.00181,0.01288,0.00124,0.85052
0.00306,0.13028,0.00137,0.01023,0.00153,0.85353
0.00372,0.12930,0.00100,0.00792,0.00186,0.85621
0.00448,0.12814,0.00068,0.00592,0.00224,0.85854
0.00534,0.12678,0.00043,0.00424,0.00267,0.86055
0.00631,0.12523,0.00023,0.00286,0.00315,0.86222
0.00739,0.12348,0.00010,0.00176,0.00370,0.86357
0.00860,0.12154,0.00002,0.00095,0.00430,0.86459
0.00993,0.11941,0.00000,0.00039,0.00497,0.86531
0.01139,0.11708,0.00003,0.00008,0.00570,0.86571
0.01299,0.11457,0.00012,0.00000,0.00650,0.86581
0.01473,0.11188,0.00026,0.00015,0.00737,0.86562
0.01661,0.10901,0.00045,0.00049,0.00831,0.86513
0.01864,0.10596,0.00069,0.00103,0.00932,0.86437
0.02081,0.10275,0.00097,0.00173,0.01041,0.86332
0.02313,0.09939,0.00130,0.00260,0.01157,0.86202
0.02560,0.09588,0.00166,0.00361,0.01280,0.86045
0.02822,0.09223,0.00206,0.00474,0.01411,0.85863
0.03099,0.08846,0.00250,0.00599,0.01549,0.85657
0.03390,0.08458,0.00297,0.00734,0.01695,0.85428
0.03695,0.08059,0.00346,0.00877,0.01847,0.85176
0.04014,0.07652,0.00398,0.01027,0.02007,0.84902
0.04346,0.07239,0.00452,0.01182,0.02173,0.84608
0.04691,0.06819,0.00508,0.01342,0.02346,0.84294
0.05048,0.06396,0.00565,0.01505,0.02524,0.83961
0.05417,0.05971,0.00623,0.01670,0.02708,0.83611
0.05796,0.05545,0.00682,0.01835,0.02898,0.83243
0.06185,0.05122,0.00742,0.02000,0.03092,0.82859
0.06582,0.04701,0.00801,0.02164,0.03291,0.82460
0.06988,0.04286,0.00860,0.02326,0.03494,0.82047
0.07399,0.03879,0.00918,0.02484,0.03700,0.81620
0.07817,0.03481,0.00974,0.02638,0.03908,0.81181
0.08238,0.03095,0.01029,0.02788,0.04119,0.80730
0.08663,0.02722,0.01083,0.02932,0.04332,0.80269
0.09089,0.02364,0.01134,0.03071,0.04545,0.79797
0.09516,0.02025,0.01182,0.03203,0.04758,0.79317
0.09941,0.01705,0.01228,0.03328,0.04971,0.78828
0.10364,0.01406,0.01270,0.03445,0.05182,0.78332
0.10783,0.01131,0.01309,0.03556,0.05392,0.77829
0.11197,0.00882,0.01344,0.03658,0.05598,0.77320
0.11604,0.00660,0.01375,0.03753,0.05802,0.76806
0.12002,0.00468,0.01402,0.03840,0.06001,0.76288
0.12391,0.00306,0.01424,0.03918,0.06195,0.75765
0.12769,0.00177,0.01442,0.03988,0.06384,0.75240
0.13134,0.00082,0.01455,0.04051,0.06567,0.74712
0.13485,0.00022,0.01463,0.04106,0.06742,0.74182
0.13821,0.00000,0.01466,0.04152,0.06910,0.73651
0.14140,0.00016,0.01464,0.04192,0.07070,0.73118
0.14442,0.00071,0.01457,0.04224,0.07221,0.72586
0.14724,0.00167,0.01444,0.04249,0.07362,0.72053
0.14987,0.00304,0.01427,0.04268,0.07493,0.71522
0.15228,0.00482,0.01404,0.04280,0.07614,0.70991
0.15448,0.00704,0.01377,0.04287,0.07724,0.70461
0.15644,0.00968,0.01344,0.04287,0.07822,0.69934
0.15817,0.01275,0.01307,0.04283,0.07909,0.69408
0.15966,0.01626,0.01266,0.04274,0.07983,0.68885
0.16089,0.02020,0.01220,0.04261,0.08045,0.68365
0.16188,0.02457,0.01170,0.04244,0.08094,0.67847
0.16260,0.02937,0.01117,0.04224,0.08130,0.67332
0.16306,0.03459,0.01060,0.04201,0.08153,0.66821
0.16326,0.04022,0.01001,0.04175,0.08163,0.66313
0.16319,0.04626,0.00939,0.04148,0.08160,0.65809
0.16286,0.05270,0.00874,0.04119,0.08143,0.65308
0.16227,0.05952,0.00808,0.04089,0.08113,0.64811
0.16141,0.06671,0.00741,0.04058,0.08071,0.64318
0.16030,0.07425,0.00673,0.04027,0.08015,0.63829
0.15894,0.08214,0.00605,0.03997,0.07947,0.63343
0.15733,0.09035,0.00538,0.03967,0.07867,0.62861
0.15549,0.09886,0.00471,0.03938,0.07774,0.62382
0.15340,0.10765,0.00407,0.03911,0.07670,0.61907
0.15110,0.11670,0.00344,0.03885,0.07555,0.61436
0.14857,0.12600,0.00285,0.03862,0.07429,0.60968
0.14585,0.13550,0.00229,0.03841,0.07292,0.60502
0.14292,0.14520,0.00178,0.03823,0.07146,0.60040
0.13982,0.15506,0.00132,0.03809,0.06991,0.59581
0.13654,0.16506,0.00091,0.03798,0.06827,0.59124
0.13310,0.17517,0.00057,0.03791,0.06655,0.58669
0.12952,0.18536,0.00031,0.03789,0.06476,0.58216
0.12580,0.19561,0.00012,0.03791,0.06290,0.57766
0.12197,0.20589,0.00002,0.03798,0.06098,0.57316
0.11803,0.21616,0.00001,0.03810,0.05902,0.56868
0.11400,0.22640,0.00010,0.03828,0.05700,0.56421
0.10990,0.23659,0.00030,0.03852,0.05495,0.55974
0.10573,0.24669,0.00062,0.03882,0.05287,0.55527
0.10152,0.25667,0.00106,0.03919,0.05076,0.55081
0.09728,0.26650,0.00163,0.03962,0.04864,0.54634
0.09302,0.27617,0.00233,0.04012,0.04651,0.54186
0.08875,0.28563,0.00317,0.04071,0.04438,0.53737
0.08449,0.29487,0.00416,0.04137,0.04225,0.53286
0.08026,0.30386,0.00530,0.04211,0.04013,0.52833
0.07607,0.31258,0.00660,0.04294,0.03803,0.52379
0.07192,0.32099,0.00807,0.04386,0.03596,0.51921
0.06783,0.32908,0.00970,0.04487,0.03392,0.51460
0.06382,0.33682,0.01150,0.04598,0.03191,0.50997
0.05988,0.34420,0.01349,0.04720,0.02994,0.50529
0.05604,0.35120,0.01565,0.04852,0.02802,0.50057
0.05230,0.35779,0.01800,0.04995,0.02615,0.49581
0.04867,0.36396,0.02053,0.05150,0.02434,0.49100
0.04516,0.36970,0.02326,0.05317,0.02258,0.48613
0.04178,0.37499,0.02617,0.05496,0.02089,0.48122
0.03852,0.37982,0.02928,0.05688,0.01926,0.47624
0.03540,0.38418,0.03259,0.05893,0.01770,0.47120
0.03242,0.38806,0.03609,0.06112,0.01621,0.46610
0.02958,0.39145,0.03979,0.06345,0.01479,0.46094
0.02689,0.39435,0.04368,0.06593,0.01344,0.45570
0.02434,0.39676,0.04777,0.06857,0.01217,0.45039
0.02195,0.39866,0.05205,0.07135,0.01097,0.44501
0.01970,0.40006,0.05653,0.07430,0.00985,0.43955
0.01760,0.40097,0.06120,0.07741,0.00880,0.43402
0.01565,0.40138,0.06606,0.08069,0.00782,0.42840
0.01384,0.40129,0.07110,0.08414,0.00692,0.42271
0.01217,0.40072,0.07633,0.08776,0.00609,0.41693
0.01064,0.39967,0.08174,0.09155,0.00532,0.41107
0.00925,0.39815,0.08733,0.09553,0.00462,0.40513
0.00798,0.39616,0.09308,0.09969,0.00399,0.39910
0.00683,0.39372,0.09900,0.10402,0.00342,0.39300
0.00581,0.39085,0.10509,0.10855,0.00290,0.38681
0.00489,0.38755,0.11133,0.11325,0.00245,0.38053
0.00408,0.38384,0.11772,0.11813,0.00204,0.37418
0.00337,0.37973,0.12426,0.12320,0.00169,0.36774
0.00276,0.37525,0.13093,0.12845,0.00138,0.36123
0.00222,0.37041,0.13774,0.13388,0.00111,0.35464
0.00177,0.36522,0.14467,0.13948,0.00088,0.34798
0.00139,0.35971,0.15172,0.14525,0.00069,0.34124
0.00107,0.35390,0.15888,0.15119,0.00053,0.33444
0.00081,0.34780,0.16614,0.15729,0.00040,0.32757
0.00059,0.34144,0.17350,0.16354,0.00030,0.32063
0.00043,0.33484,0.18094,0.16994,0.00021,0.31364
0.00030,0.32802,0.18847,0.17648,0.00015,0.30659
0.00020,0.32099,0.19606,0.18315,0.00010,0.29949
0.00013,0.31379,0.20373,0.18995,0.00006,0.29234
0.00008,0.30643,0.21144,0.19685,0.00004,0.28516
0.00004,0.29894,0.21921,0.20386,0.00002,0.27793
0.00002,0.29133,0.22701,0.21095,0.00001,0.27068
0.00001,0.28363,0.23485,0.21811,0.00000,0.26340
0.00000,0.27585,0.24271,0.22534,0.00000,0.25610
0.00000,0.26802,0.25058,0.23261,0.00000,0.24879
0.00000,0.26015,0.25847,0.23991,0.00000,0.24147
0.00000,0.25227,0.26635,0.24723,0.00000,0.23415
0.00000,0.24439,0.27423,0.25454,0.00000,0.22684
0.00000,0.23653,0.28210,0.26183,0.00000,0.21954
0.00000,0.22871,0.28994,0.26909,0.00000,0.21226
0.00000,0.22094,0.29776,0.27628,0.00000,0.20500
0.00001,0.21325,0.30554,0.28341,0.00001,0.19778
0.00003,0.20563,0.31328,0.29044,0.00001,0.19060
0.00005,0.19812,0.32098,0.29735,0.00003,0.18347
0.00009,0.19071,0.32862,0.30413,0.00005,0.17640
0.00015,0.18343,0.33621,0.31075,0.00007,0.16939
0.00023,0.17628,0.34373,0.31720,0.00011,0.16245
0.00034,0.16928,0.35118,0.32346,0.00017,0.15558
0.00048,0.16243,0.35856,0.32950,0.00024,0.14880
0.00066,0.15574,0.36586,0.33530,0.00033,0.14212
0.00089,0.14922,0.37307,0.34085,0.00044,0.13553
0.00117,0.14287,0.38021,0.34612,0.00058,0.12904
0.00151,0.13671,0.38725,0.35110,0.00075,0.12267
0.00191,0.13073,0.39420,0.35577,0.00096,0.11642
0.00239,0.12494,0.40106,0.36011,0.00120,0.11030
0.00295,0.11935,0.40782,0.36410,0.00148,0.10430
0.00360,0.11395,0.41448,0.36773,0.00180,0.09844
0.00435,0.10874,0.42104,0.37097,0.00217,0.09273
0.00519,0.10374,0.42749,0.37382,0.00259,0.08716
0.00614,0.09893,0.43385,0.37626,0.00307,0.08175
0.00721,0.09432,0.44009,0.37828,0.00360,0.07650
0.00839,0.08990,0.44624,0.37987,0.00420,0.07141
0.00970,0.08568,0.45228,0.38101,0.00485,0.06648
0.01114,0.08164,0.45821,0.38170,0.00557,0.06173
0.01272,0.07780,0.46404,0.38193,0.00636,0.05714
0.01443,0.07414,0.46977,0.38170,0.00722,0.05274
0.01629,0.07067,0.47540,0.38099,0.00815,0.04851
0.01829,0.06737,0.48092,0.37980,0.00915,0.04447
0.02044,0.06425,0.48635,0.37813,0.01022,0.04061
0.02274,0.06129,0.49167,0.37599,0.01137,0.03693
0.02518,0.05850,0.49691,0.37337,0.01259,0.03344
0.02778,0.05587,0.50205,0.37028,0.01389,0.03014
0.03052,0.05340,0.50709,0.36671,0.01526,0.02702
0.03340,0.05107,0.51206,0.36268,0.01670,0.02408
0.03643,0.04889,0.51693,0.35820,0.01822,0.02133
0.03960,0.04685,0.52173,0.35326,0.01980,0.01876
0.04290,0.04494,0.52644,0.34789,0.02145,0.01638
0.04633,0.04315,0.53108,0.34210,0.02316,0.01417
0.04988,0.04149,0.53565,0.33589,0.02494,0.01214
0.05355,0.03995,0.54015,0.32928,0.02677,0.01029
0.05732,0.03853,0.54459,0.32230,0.02866,0.00860
0.06120,0.03721,0.54897,0.31495,0.03060,0.00708
0.06516,0.03599,0.55328,0.30726,0.03258,0.00573
0.06920,0.03487,0.55755,0.29925,0.03460,0.00453
0.07331,0.03384,0.56177,0.29094,0.03665,0.00349
0.07747,0.03291,0.56594,0.28235,0.03874,0.00259
0.08168,0.03206,0.57007,0.27351,0.04084,0.00184
0.08592,0.03129,0.57416,0.26444,0.04296,0.00122
0.09019,0.03059,0.57822,0.25516,0.04509,0.00074
0.09445,0.02997,0.58225,0.24571,0.04723,0.00039
0.09871,0.02942,0.58626,0.23611,0.04935,0.00015
0.10294,0.02894,0.59024,0.22638,0.05147,0.00002
0.10714,0.02851,0.59421,0.21656,0.05357,0.00001
0.11129,0.02815,0.59816,0.20667,0.05564,0.00009
0.11537,0.02784,0.60211,0.19674,0.05768,0.00026
0.11937,0.02759,0.60604,0.18680,0.05968,0.00052
0.12327,0.02738,0.60997,0.17688,0.06164,0.00086
0.12707,0.02722,0.61390,0.16701,0.06353,0.00127
0.13074,0.02710,0.61784,0.15721,0.06537,0.00174
0.13428,0.02703,0.62178,0.14751,0.06714,0.00227
0.13766,0.02699,0.62572,0.13795,0.06883,0.00285
0.14088,0.02699,0.62968,0.12854,0.07044,0.00347
0.14393,0.02702,0.63365,0.11931,0.07196,0.00413
0.14679,0.02707,0.63764,0.11028,0.07339,0.00482
0.14945,0.02716,0.64165,0.10149,0.07472,0.00553
0.15190,0.02726,0.64567,0.09296,0.07595,0.00626
0.15413,0.02739,0.64972,0.08470,0.07706,0.00700
0.15613,0.02753,0.65379,0.07674,0.07807,0.00774
0.15790,0.02769,0.65788,0.06910,0.07895,0.00848
0.15943,0.02785,0.66200,0.06180,0.07971,0.00921
0.16071,0.02803,0.66614,0.05485,0.08035,0.00993
0.16173,0.02820,0.67031,0.04827,0.08087,0.01063
0.16250,0.02838,0.67450,0.04207,0.08125,0.01130
0.16300,0.02855,0.67872,0.03628,0.08150,0.01195
0.16324,0.02871,0.68297,0.03089,0.08162,0.01257
0.16322,0.02886,0.68724,0.02592,0.08161,0.01315
0.16293,0.02900,0.69154,0.02137,0.08147,0.01369
0.16238,0.02912,0.69585,0.01726,0.08119,0.01419
0.16157,0.02921,0.70019,0.01359,0.08079,0.01464
0.16051,0.02928,0.70455,0.01036,0.08025,0.01505
0.15919,0.02932,0.70893,0.00757,0.07959,0.01540
0.15762,0.02933,0.71332,0.00522,0.07881,0.01570
0.15581,0.02929,0.71773,0.00332,0.07790,0.01595
0.15376,0.02922,0.72214,0.00185,0.07688,0.01615
0.15149,0.02911,0.72656,0.00081,0.07575,0.01628
0.14901,0.02894,0.73098,0.00020,0.07450,0.01637
0.14631,0.02873,0.73541,0.00000,0.07316,0.01639
0.14342,0.02847,0.73983,0.00021,0.07171,0.01636
0.14034,0.02815,0.74423,0.00082,0.07017,0.01628
0.13709,0.02777,0.74863,0.00182,0.06855,0.01614
0.13368,0.02734,0.75300,0.00318,0.06684,0.01595
0.13012,0.02685,0.75735,0.00491,0.06506,0.01571
0.12643,0.02629,0.76167,0.00697,0.06321,0.01542
0.12261,0.02568,0.76596,0.00937,0.06131,0.01508
0.11869,0.02500,0.77020,0.01206,0.05935,0.01469
0.11468,0.02427,0.77440,0.01505,0.05734,0.01427
0.11058,0.02347,0.77854,0.01831,0.05529,0.01380
0.10643,0.02262,0.78262,0.02182,0.05321,0.01330
0.10222,0.02171,0.78663,0.02556,0.05111,0.01277
0.09798,0.02075,0.79056,0.02951,0.04899,0.01221
0.09372,0.01974,0.79442,0.03364,0.04686,0.01162
0.08946,0.01868,0.79818,0.03795,0.04473,0.01100
0.08520,0.01759,0.80184,0.04240,0.04260,0.01037
0.08096,0.01646,0.80540,0.04697,0.04048,0.00973
0.07676,0.01530,0.80884,0.05165,0.03838,0.00908
0.07260,0.01411,0.81216,0.05641,0.03630,0.00841
0.06850,0.01292,0.81535,0.06122,0.03425,0.00775
0.06448,0.01171,0.81840,0.06608,0.03224,0.00709
0.06053,0.01051,0.82130,0.07096,0.03026,0.00644
0.05667,0.00932,0.82405,0.07583,0.02834,0.00579
0.05292,0.00815,0.82663,0.08068,0.02646,0.00516
0.04927,0.00701,0.82904,0.08550,0.02463,0.00455
0.04574,0.00591,0.83127,0.09025,0.02287,0.00396
0.04233,0.00487,0.83330,0.09493,0.02116,0.00340
0.03905,0.00389,0.83514,0.09952,0.01953,0.00287
0.03591,0.00300,0.83677,0.10400,0.01795,0.00238
0.03290,0.00219,0.83818,0.10836,0.01645,0.00192
0.03004,0.00149,0.83937,0.11258,0.01502,0.00150
0.02732,0.00091,0.84033,0.11665,0.01366,0.00113
0.02476,0.00046,0.84105,0.12055,0.01238,0.00080
0.02234,0.00015,0.84152,0.12429,0.01117,0.00053
0.02006,0.00001,0.84174,0.12784,0.01003,0.00031
0.01794,0.00004,0.84169,0.13121,0.00897,0.00015
0.01596,0.00026,0.84138,0.13437,0.00798,0.00004
0.01413,0.00068,0.84079,0.13733,0.00707,0.00000
0.01244,0.00132,0.83992,0.14007,0.00622,0.00002
0.01089,0.00219,0.83877,0.14261,0.00544,0.00011
0.00947,0.00330,0.83731,0.14492,0.00473,0.00026
0.00818,0.00467,0.83557,0.14701,0.00409,0.00048
0.00702,0.00631,0.83351,0.14888,0.00351,0.00077
0.00597,0.00823,0.83115,0.15053,0.00299,0.00113
0.00504,0.01044,0.82848,0.15196,0.00252,0.00157
0.00421,0.01295,0.82550,0.15316,0.00211,0.00207
0.00349,0.01578,0.82219,0.15415,0.00174,0.00265
0.00285,0.01892,0.81857,0.15492,0.00143,0.00330
0.00231,0.02240,0.81462,0.15549,0.00115,0.00403
0.00184,0.02622,0.81035,0.15585,0.00092,0.00483
0.00145,0.03037,0.80575,0.15601,0.00072,0.00570
0.00112,0.03488,0.80083,0.15597,0.00056,0.00664
0.00084,0.03974,0.79559,0.15575,0.00042,0.00765
0.00063,0.04495,0.79002,0.15536,0.00031,0.00874
0.00045,0.05051,0.78413,0.15479,0.00023,0.00990
0.00032,0.05644,0.77791,0.15406,0.00016,0.01112
0.00021,0.06272,0.77138,0.15317,0.00011,0.01241
0.00014,0.06934,0.76454,0.15214,0.00007,0.01377
0.00008,0.07632,0.75738,0.15098,0.00004,0.01520
0.00005,0.08364,0.74991,0.14969,0.00002,0.01669
0.00002,0.09130,0.74214,0.14829,0.00001,0.01824
0.00001,0.09928,0.73408,0.14677,0.00001,0.01985
0.00000,0.10758,0.72573,0.14517,0.00000,0.02152
0.00000,0.11619,0.71709,0.14348,0.00000,0.02325
0.00000,0.12509,0.70817,0.14171,0.00000,0.02503
0.00000,0.13427,0.69898,0.13987,0.00000,0.02687
0.00000,0.14372,0.68954,0.13798,0.00000,0.02876
0.00000,0.15341,0.67984,0.13605,0.00000,0.03070
0.00000,0.16334,0.66990,0.13407,0.00000,0.03269
0.00000,0.17347,0.65972,0.13207,0.00000,0.03473
0.00001,0.18380,0.64932,0.13005,0.00001,0.03681
0.00002,0.19430,0.63871,0.12802,0.00001,0.03894
0.00005,0.20494,0.62790,0.12599,0.00002,0.04110
0.00008,0.21571,0.61689,0.12396,0.00004,0.04331
0.00014,0.22657,0.60571,0.12195,0.00007,0.04556
0.00021,0.23751,0.59436,0.11996,0.00011,0.04785
0.00032,0.24850,0.58286,0.11799,0.00016,0.05017
0.00045,0.25951,0.57122,0.11607,0.00023,0.05253
0.00063,0.27052,0.55945,0.11418,0.00031,0.05492
0.00085,0.28149,0.54756,0.11234,0.00042,0.05734
0.00112,0.29240,0.53557,0.11056,0.00056,0.05980
0.00145,0.30322,0.52349,0.10883,0.00072,0.06229
0.00184,0.31392,0.51134,0.10717,0.00092,0.06481
0.00231,0.32448,0.49913,0.10558,0.00115,0.06736
0.00286,0.33486,0.48686,0.10406,0.00143,0.06994
0.00349,0.34504,0.47457,0.10261,0.00174,0.07255
0.00422,0.35499,0.46225,0.10125,0.00211,0.07518
0.00504,0.36468,0.44993,0.09997,0.00252,0.07785
0.00597,0.37408,0.43762,0.09878,0.00299,0.08055
0.00702,0.38318,0.42533,0.09768,0.00351,0.08328
0.00819,0.39194,0.41307,0.09668,0.00409,0.08604
0.00948,0.40034,0.40086,0.09577,0.00474,0.08883
0.01089,0.40835,0.38870,0.09496,0.00545,0.09165
0.01245,0.41596,0.37663,0.09424,0.00622,0.09450
0.01414,0.42314,0.36463,0.09363,0.00707,0.09739
0.01597,0.42986,0.35274,0.09313,0.00799,0.10031
0.01795,0.43612,0.34095,0.09273,0.00897,0.10327
0.02007,0.44190,0.32928,0.09244,0.01004,0.10626
0.02235,0.44717,0.31775,0.09226,0.01117,0.10930
0.02477,0.45192,0.30636,0.09219,0.01238,0.11237
0.02734,0.45615,0.29512,0.09224,0.01367,0.11549
0.03005,0.45983,0.28404,0.09240,0.01503,0.11865
0.03292,0.46296,0.27314,0.09267,0.01646,0.12186
0.03592,0.46553,0.26242,0.09306,0.01796,0.12512
0.03906,0.46753,0.25188,0.09357,0.01953,0.12842
0.04234,0.46896,0.24154,0.09419,0.02117,0.13178
0.04575,0.46982,0.23141,0.09494,0.02288,0.13520
0.04928,0.47010,0.22149,0.09581,0.02464,0.13868
0.05293,0.46981,0.21179,0.09679,0.02647,0.14221
0.05669,0.46894,0.20230,0.09791,0.02834,0.14582
0.06055,0.46750,0.19305,0.09914,0.03027,0.14948
0.06449,0.46551,0.18403,0.10050,0.03225,0.15322
0.06852,0.46295,0.17525,0.10198,0.03426,0.15703
0.07262,0.45985,0.16671,0.10359,0.03631,0.16092
0.07678,0.45622,0.15841,0.10532,0.03839,0.16489
0.08098,0.45206,0.15036,0.10717,0.04049,0.16894
0.08522,0.44739,0.14255,0.10915,0.04261,0.17307
0.08948,0.44223,0.13499,0.11126,0.04474,0.17730
0.09374,0.43659,0.12769,0.11349,0.04687,0.18162
0.09800,0.43050,0.12063,0.11583,0.04900,0.18603
0.10224,0.42396,0.11383,0.11830,0.05112,0.19055
0.10645,0.41700,0.10727,0.12089,0.05322,0.19517
0.11060,0.40964,0.10096,0.12360,0.05530,0.19989
0.11470,0.40191,0.09490,0.12642,0.05735,0.20473
0.11871,0.39383,0.08908,0.12935,0.05935,0.20968
0.12263,0.38541,0.08350,0.13239,0.06132,0.21475
0.12645,0.37669,0.07817,0.13553,0.06322,0.21994
0.13014,0.36770,0.07307,0.13878,0.06507,0.22525
0.13370,0.35845,0.06820,0.14212,0.06685,0.23069
0.13711,0.34897,0.06355,0.14555,0.06855,0.23627
0.14036,0.33929,0.05914,0.14906,0.07018,0.24197
0.14343,0.32943,0.05494,0.15266,0.07172,0.24782
0.14633,0.31943,0.05095,0.15632,0.07316,0.25381
0.14902,0.30931,0.04717,0.16005,0.07451,0.25994
0.15151,0.29908,0.04360,0.16384,0.07575,0.26621
0.15377,0.28879,0.04023,0.16768,0.07689,0.27264
0.15582,0.27846,0.03704,0.17155,0.07791,0.27922
0.15763,0.26810,0.03405,0.17546,0.07881,0.28596
0.15919,0.25775,0.03123,0.17938,0.07960,0.29285
0.16051,0.24743,0.02859,0.18332,0.08026,0.29990
0.16158,0.23716,0.02611,0.18725,0.08079,0.30711
0.16239,0.22696,0.02380,0.19117,0.08119,0.31449
0.16294,0.21686,0.02164,0.19507,0.08147,0.32203
0.16322,0.20688,0.01963,0.19893,0.08161,0.32973
0.16324,0.19704,0.01776,0.20274,0.08162,0.33760
0.16300,0.18734,0.01603,0.20648,0.08150,0.34565
0.16249,0.17783,0.01443,0.21015,0.08125,0.35385
0.16173,0.16850,0.01295,0.21374,0.08086,0.36223
0.16070,0.15937,0.01158,0.21722,0.08035,0.37078
0.15942,0.15046,0.01033,0.22058,0.07971,0.37950
0.15789,0.14179,0.00918,0.22381,0.07895,0.38838
0.15612,0.13335,0.00813,0.22690,0.07806,0.39743
0.15412,0.12518,0.00718,0.22982,0.07706,0.40664
0.15189,0.11726,0.00631,0.23258,0.07594,0.41602
0.14943,0.10961,0.00552,0.23515,0.07472,0.42557
0.14677,0.10224,0.00481,0.23752,0.07339,0.43527
0.14391,0.09516,0.00417,0.23968,0.07196,0.44512
0.14087,0.08836,0.00360,0.24161,0.07043,0.45513
0.13764,0.08184,0.00308,0.24331,0.06882,0.46529
0.13426,0.07563,0.00263,0.24476,0.06713,0.47560
0.13072,0.06970,0.00223,0.24595,0.06536,0.48604
0.12705,0.06407,0.00187,0.24686,0.06353,0.49663
0.12325,0.05872,0.00156,0.24750,0.06163,0.50734
0.11935,0.05367,0.00129,0.24784,0.05967,0.51818
0.11535,0.04890,0.00105,0.24789,0.05767,0.52914
0.11127,0.04441,0.00085,0.24763,0.05563,0.54021
0.10712,0.04020,0.00068,0.24706,0.05356,0.55138
0.10292,0.03626,0.00053,0.24617,0.05146,0.56266
0.09869,0.03258,0.00041,0.24496,0.04934,0.57402
0.09443,0.02916,0.00031,0.24342,0.04722,0.58546
0.09017,0.02599,0.00023,0.24156,0.04508,0.59698
0.08591,0.02306,0.00016,0.23936,0.04295,0.60856
0.08166,0.02036,0.00011,0.23684,0.04083,0.62019
0.07745,0.01789,0.00007,0.23400,0.03873,0.63187
0.07329,0.01562,0.00004,0.23083,0.03664,0.64358
0.06918,0.01356,0.00002,0.22734,0.03459,0.65531
0.06514,0.01170,0.00001,0.22353,0.03257,0.66705
0.06118,0.01002,0.00000,0.21942,0.03059,0.67879
0.05731,0.00851,0.00000,0.21501,0.02865,0.69052
0.05353,0.00716,0.00000,0.21031,0.02677,0.70223
0.04987,0.00597,0.00001,0.20533,0.02493,0.71389
0.04631,0.00492,0.00002,0.20008,0.02316,0.72551
0.04288,0.00400,0.00002,0.19458,0.02144,0.73707
0.03958,0.00321,0.00003,0.18884,0.01979,0.74854
0.03642,0.00253,0.00004,0.18287,0.01821,0.75993
0.03339,0.00195,0.00005,0.17670,0.01670,0.77121
0.03051,0.00146,0.00006,0.17033,0.01525,0.78238
0.02777,0.00106,0.00007,0.16380,0.01388,0.79342
0.02517,0.00074,0.00008,0.15711,0.01259,0.80431
0.02273,0.00049,0.00009,0.15030,0.01136,0.81503
0.02043,0.00030,0.00009,0.14337,0.01022,0.82559
0.01828,0.00016,0.00010,0.13636,0.00914,0.83596
0.01628,0.00007,0.00010,0.12929,0.00814,0.84612
0.01442,0.00002,0.00010,0.12217,0.00721,0.85607
0.01271,0.00000,0.00010,0.11504,0.00636,0.86579
0.01114,0.00001,0.00010,0.10792,0.00557,0.87526
0.00970,0.00005,0.00010,0.10083,0.00485,0.88448
0.00839,0.00010,0.00010,0.09379,0.00419,0.89342
0.00720,0.00017,0.00010,0.08685,0.00360,0.90208
0.00614,0.00026,0.00009,0.08000,0.00307,0.91045
0.00518,0.00034,0.00009,0.07330,0.00259,0.91850
0.00434,0.00044,0.00008,0.06674,0.00217,0.92622
0.00360,0.00053,0.00008,0.06038,0.00180,0.93362
0.00295,0.00063,0.00007,0.05421,0.00148,0.94066
0.00239,0.00072,0.00006,0.04828,0.00120,0.94735
0.00191,0.00081,0.00006,0.04260,0.00096,0.95367
0.00151,0.00089,0.00005,0.03719,0.00075,0.95961
0.00117,0.00097,0.00004,0.03208,0.00058,0.96516
0.00089,0.00104,0.00004,0.02728,0.00044,0.97031
0.00066,0.00111,0.00003,0.02282,0.00033,0.97505
0.00048,0.00116,0.00003,0.01872,0.00024,0.97938
0.00034,0.00121,0.00002,0.01498,0.00017,0.98328
0.00023,0.00126,0.00002,0.01163,0.00011,0.98676
0.00015,0.00129,0.00001,0.00868,0.00007,0.98980
0.00009,0.00132,0.00001,0.00614,0.00005,0.99239
0.00005,0.00134,0.00001,0.00403,0.00003,0.99454
0.00003,0.00136,0.00000,0.00235,0.00001,0.99624
0.00001,0.00137,0.00000,0.00112,0.00001,0.99749
0.00000,0.00138,0.00000,0.00034,0.00000,0.99828
0.00000,0.00138,0.00000,0.00001,0.00000,0.99860
0.00000,0.00139,0.00000,0.00014,0.00000,0.99847
0.00000,0.00139,0.00000,0.00074,0.00000,0.99788
0.00000,0.00138,0.00000,0.00179,0.00000,0.99682
0.00000,0.00138,0.00000,0.00331,0.00000,0.99531
0.00000,0.00138,0.00001,0.00528,0.00000,0.99333
0.00000,0.00138,0.00001,0.00770,0.00000,0.99090
0.00001,0.00138,0.00001,0.01057,0.00000,0.98802
0.00002,0.00139,0.00002,0.01387,0.00001,0.98469
0.00004,0.00140,0.00002,0.01760,0.00002,0.98091
0.00008,0.00141,0.00003,0.02175,0.00004,0.97670
0.00013,0.00143,0.00004,0.02630,0.00006,0.97205
0.00020,0.00145,0.00004,0.03123,0.00010,0.96697
0.00030,0.00148,0.00005,0.03654,0.00015,0.96148
0.00043,0.00152,0.00006,0.04220,0.00021,0.95558
0.00059,0.00157,0.00007,0.04820,0.00030,0.94927
0.00081,0.00162,0.00008,0.05452,0.00040,0.94257
0.00107,0.00169,0.00009,0.06113,0.00053,0.93548
0.00139,0.00177,0.00011,0.06801,0.00069,0.92802
0.00177,0.00187,0.00012,0.07515,0.00089,0.92020
0.00223,0.00198,0.00014,0.08251,0.00111,0.91203
0.00276,0.00211,0.00015,0.09008,0.00138,0.90352
0.00338,0.00226,0.00017,0.09782,0.00169,0.89468
0.00409,0.00243,0.00019,0.10572,0.00204,0.88553
0.00490,0.00262,0.00021,0.11375,0.00245,0.87608
0.00581,0.00284,0.00023,0.12187,0.00291,0.86633
0.00684,0.00310,0.00026,0.13007,0.00342,0.85632
0.00798,0.00339,0.00029,0.13831,0.00399,0.84604
0.00925,0.00371,0.00032,0.14658,0.00463,0.83551
0.01065,0.00408,0.00036,0.15484,0.00532,0.82475
0.01218,0.00449,0.00039,0.16307,0.00609,0.81378
0.01385,0.00495,0.00044,0.17124,0.00692,0.80260
0.01566,0.00547,0.00048,0.17933,0.00783,0.79123
0.01761,0.00605,0.00054,0.18731,0.00881,0.77969
0.01971,0.00669,0.00059,0.19515,0.00986,0.76799
0.02196,0.00741,0.00066,0.20284,0.01098,0.75615
0.02436,0.00821,0.00073,0.21036,0.01218,0.74418
0.02690,0.00909,0.00081,0.21767,0.01345,0.73209
0.02959,0.01006,0.00089,0.22476,0.01480,0.71990
0.03243,0.01114,0.00099,0.23160,0.01622,0.70762
0.03541,0.01232,0.00110,0.23819,0.01771,0.69528
0.03853,0.01361,0.00121,0.24450,0.01927,0.68287
0.04179,0.01503,0.00134,0.25052,0.02090,0.67043
0.04518,0.01657,0.00149,0.25622,0.02259,0.65795
0.04869,0.01826,0.00165,0.26161,0.02435,0.64546
0.05232,0.02009,0.00182,0.26665,0.02616,0.63296
0.05606,0.02208,0.00201,0.27135,0.02803,0.62047
0.05990,0.02423,0.00223,0.27569,0.02995,0.60800
0.06383,0.02655,0.00246,0.27967,0.03192,0.59557
0.06785,0.02905,0.00272,0.28328,0.03392,0.58318
0.07194,0.03174,0.00300,0.28650,0.03597,0.57085
0.07609,0.03462,0.00331,0.28935,0.03804,0.55859
0.08028,0.03771,0.00366,0.29181,0.04014,0.54640
0.08451,0.04101,0.00403,0.29389,0.04226,0.53430
0.08877,0.04453,0.00444,0.29558,0.04439,0.52230
0.09304,0.04827,0.00489,0.29689,0.04652,0.51040
0.09730,0.05224,0.00537,0.29781,0.04865,0.49862
0.10154,0.05645,0.00591,0.29836,0.05077,0.48697
0.10575,0.06090,0.00649,0.29854,0.05288,0.47544
0.10992,0.06560,0.00712,0.29836,0.05496,0.46405
0.11402,0.07055,0.00780,0.29781,0.05701,0.45281
0.11805,0.07575,0.00854,0.29692,0.05902,0.44172
0.12199,0.08120,0.00935,0.29569,0.06099,0.43078
0.12582,0.08691,0.01022,0.29412,0.06291,0.42001
0.12954,0.09288,0.01116,0.29225,0.06477,0.40940
0.13312,0.09911,0.01218,0.29006,0.06656,0.39897
0.13655,0.10559,0.01328,0.28759,0.06828,0.38871
0.13983,0.11233,0.01446,0.28483,0.06992,0.37863
0.14294,0.11931,0.01573,0.28182,0.07147,0.36874
0.14586,0.12654,0.01710,0.27855,0.07293,0.35902
0.14859,0.13401,0.01856,0.27505,0.07429,0.34950
0.15111,0.14171,0.02013,0.27133,0.07555,0.34017
0.15341,0.14964,0.02181,0.26741,0.07671,0.33102
0.15549,0.15778,0.02361,0.26330,0.07775,0.32207
0.15734,0.16613,0.02553,0.25902,0.07867,0.31331
0.15895,0.17468,0.02757,0.25458,0.07947,0.30474
0.16031,0.18341,0.02975,0.25001,0.08016,0.29637
0.16142,0.19231,0.03207,0.24531,0.08071,0.28818
0.16227,0.20136,0.03453,0.24051,0.08114,0.28019
0.16286,0.21056,0.03714,0.23561,0.08143,0.27239
0.16319,0.21987,0.03991,0.23065,0.08160,0.26478
0.16326,0.22929,0.04284,0.22562,0.08163,0.25736
0.16306,0.23880,0.04594,0.22054,0.08153,0.25012
0.16260,0.24838,0.04922,0.21544,0.08130,0.24307
0.16187,0.25800,0.05267,0.21032,0.08094,0.23620
0.16089,0.26765,0.05631,0.20519,0.08044,0.22951
0.15965,0.27730,0.06014,0.20008,0.07983,0.22300
0.15817,0.28694,0.06417,0.19498,0.07908,0.21666
0.15643,0.29653,0.06840,0.18992,0.07822,0.21050
0.15447,0.30606,0.07283,0.18491,0.07723,0.20450
0.15227,0.31550,0.07748,0.17995,0.07614,0.19867
0.14986,0.32482,0.08234,0.17505,0.07493,0.19300
0.14723,0.33401,0.08743,0.17023,0.07361,0.18749
0.14440,0.34303,0.09274,0.16549,0.07220,0.18213
0.14139,0.35187,0.09828,0.16085,0.07069,0.17692
0.13819,0.36050,0.10405,0.15630,0.06910,0.17187
0.13483,0.36888,0.11006,0.15186,0.06742,0.16695
0.13132,0.37701,0.11631,0.14752,0.06566,0.16218
0.12767,0.38485,0.12280,0.14331,0.06383,0.15754
0.12389,0.39238,0.12953,0.13921,0.06195,0.15304
0.12000,0.39958,0.13651,0.13524,0.06000,0.14866
0.11602,0.40642,0.14374,0.13140,0.05801,0.14441
0.11195,0.41289,0.15122,0.12769,0.05598,0.14028
0.10781,0.41896,0.15894,0.12411,0.05391,0.13627
0.10362,0.42461,0.16691,0.12067,0.05181,0.13237
0.09939,0.42982,0.17513,0.11737,0.04970,0.12858
0.09514,0.43458,0.18360,0.11421,0.04757,0.12490
0.09087,0.43887,0.19232,0.11119,0.04544,0.12132
0.08661,0.44268,0.20127,0.10830,0.04331,0.11783
0.08237,0.44598,0.21047,0.10556,0.04118,0.11444
0.07815,0.44877,0.21991,0.10296,0.03907,0.11114
0.07398,0.45103,0.22958,0.10049,0.03699,0.10793
0.06986,0.45276,0.23948,0.09817,0.03493,0.10481
0.06580,0.45395,0.24961,0.09598,0.03290,0.10176
0.06183,0.45458,0.25995,0.09392,0.03091,0.09880
0.05794,0.45467,0.27051,0.09200,0.02897,0.09590
0.05415,0.45419,0.28128,0.09021,0.02708,0.09308
0.05047,0.45316,0.29225,0.08856,0.02523,0.09033
0.04689,0.45157,0.30342,0.08703,0.02345,0.08764
0.04345,0.44943,0.31477,0.08562,0.02172,0.08501
0.04012,0.44673,0.32629,0.08435,0.02006,0.08245
0.03693,0.44348,0.33799,0.08319,0.01847,0.07994
0.03388,0.43969,0.34984,0.08215,0.01694,0.07749
0.03097,0.43538,0.36184,0.08123,0.01549,0.07509
0.02821,0.43054,0.37398,0.08043,0.01410,0.07274
0.02559,0.42519,0.38625,0.07974,0.01280,0.07043
0.02312,0.41935,0.39863,0.07916,0.01156,0.06818
0.02080,0.41303,0.41111,0.07869,0.01040,0.06596
0.01863,0.40625,0.42369,0.07832,0.00931,0.06379
0.01660,0.39903,0.43634,0.07806,0.00830,0.06166
0.01472,0.39138,0.44907,0.07789,0.00736,0.05957
0.01299,0.38333,0.46184,0.07783,0.00649,0.05752
0.01139,0.37490,0.47466,0.07786,0.00569,0.05550
0.00992,0.36611,0.48750,0.07799,0.00496,0.05352
0.00859,0.35699,0.50035,0.07820,0.00430,0.05157
0.00739,0.34756,0.51320,0.07850,0.00369,0.04966
0.00630,0.33785,0.52603,0.07889,0.00315,0.04777
0.00533,0.32788,0.53884,0.07936,0.00267,0.04592
0.00447,0.31768,0.55160,0.07991,0.00224,0.04410
0.00372,0.30729,0.56430,0.08053,0.00186,0.04231
0.00305,0.29672,0.57692,0.08122,0.00153,0.04055
0.00248,0.28602,0.58946,0.08199,0.00124,0.03882
0.00199,0.27519,0.60189,0.08281,0.00099,0.03712
0.00157,0.26429,0.61421,0.08370,0.00078,0.03545
0.00122,0.25332,0.62640,0.08465,0.00061,0.03381
0.00093,0.24233,0.63844,0.08564,0.00046,0.03219
0.00069,0.23134,0.65032,0.08669,0.00035,0.03061
0.00050,0.22038,0.66202,0.08778,0.00025,0.02906
0.00036,0.20948,0.67355,0.08890,0.00018,0.02754
0.00024,0.19866,0.68487,0.09006,0.00012,0.02605
0.00016,0.18795,0.69598,0.09124,0.00008,0.02459
0.00010,0.17737,0.70686,0.09245,0.00005,0.02317
0.00006,0.16696,0.71751,0.09367,0.00003,0.02178
0.00003,0.15672,0.72791,0.09489,0.00002,0.02042
0.00001,0.14670,0.73806,0.09612,0.00001,0.01910
0.00001,0.13690,0.74793,0.09734,0.00000,0.01782
0.00000,0.12736,0.75752,0.09856,0.00000,0.01657
0.00000,0.11808,0.76682,0.09975,0.00000,0.01536
0.00000,0.10908,0.77582,0.10091,0.00000,0.01419
0.00000,0.10039,0.78451,0.10204,0.00000,0.01306
0.00000,0.09202,0.79288,0.10313,0.00000,0.01197
0.00000,0.08397,0.80094,0.10417,0.00000,0.01092
0.00000,0.07627,0.80866,0.10515,0.00000,0.00992
0.00001,0.06893,0.81604,0.10606,0.00000,0.00896
0.00002,0.06195,0.82308,0.10690,0.00001,0.00804
0.00004,0.05534,0.82978,0.10766,0.00002,0.00717
0.00007,0.04910,0.83612,0.10832,0.00003,0.00635
0.00012,0.04325,0.84210,0.10890,0.00006,0.00558
0.00018,0.03779,0.84772,0.10936,0.00009,0.00485
0.00028,0.03271,0.85299,0.10971,0.00014,0.00418
0.00040,0.02801,0.85788,0.10995,0.00020,0.00355
0.00056,0.02371,0.86241,0.11006,0.00028,0.00298
0.00077,0.01979,0.86658,0.11003,0.00038,0.00245
0.00102,0.01624,0.87038,0.10987,0.00051,0.00198
0.00133,0.01308,0.87381,0.10956,0.00067,0.00155
0.00170,0.01028,0.87688,0.10910,0.00085,0.00118
0.00215,0.00784,0.87959,0.10849,0.00107,0.00086
0.00267,0.00575,0.88194,0.10772,0.00133,0.00059
0.00327,0.00401,0.88392,0.10679,0.00163,0.00038
0.00396,0.00260,0.88556,0.10569,0.00198,0.00021
0.00476,0.00150,0.88684,0.10443,0.00238,0.00009
0.00565,0.00072,0.88778,0.10300,0.00283,0.00002
0.00666,0.00022,0.88838,0.10141,0.00333,0.00000
0.00779,0.00001,0.88864,0.09965,0.00389,0.00003
0.00903,0.00006,0.88857,0.09772,0.00452,0.00010
0.01041,0.00037,0.88818,0.09563,0.00520,0.00021
0.01192,0.00091,0.88747,0.09337,0.00596,0.00037
0.01356,0.00166,0.88646,0.09097,0.00678,0.00057
0.01535,0.00262,0.88514,0.08841,0.00767,0.00081
0.01728,0.00377,0.88353,0.08570,0.00864,0.00108
0.01935,0.00509,0.88163,0.08286,0.00968,0.00139
0.02158,0.00656,0.87946,0.07988,0.01079,0.00174
0.02395,0.00817,0.87702,0.07679,0.01197,0.00211
0.02647,0.00990,0.87432,0.07358,0.01323,0.00251
0.02914,0.01173,0.87136,0.07027,0.01457,0.00293
0.03195,0.01365,0.86817,0.06687,0.01598,0.00338
0.03491,0.01565,0.86474,0.06339,0.01745,0.00385
0.03801,0.01771,0.86110,0.05986,0.01900,0.00433
0.04124,0.01981,0.85723,0.05627,0.02062,0.00483
0.04461,0.02194,0.85317,0.05264,0.02230,0.00533
0.04810,0.02409,0.84891,0.04900,0.02405,0.00584
0.05171,0.02625,0.84448,0.04535,0.02585,0.00636
0.05543,0.02839,0.83986,0.04172,0.02772,0.00688
0.05926,0.03052,0.83509,0.03812,0.02963,0.00739
0.06318,0.03261,0.83015,0.03458,0.03159,0.00790
0.06718,0.03467,0.82508,0.03109,0.03359,0.00839
0.07125,0.03667,0.81987,0.02770,0.03563,0.00888
0.07539,0.03861,0.81454,0.02441,0.03770,0.00935
0.07958,0.04049,0.80909,0.02125,0.03979,0.00980
0.08381,0.04230,0.80353,0.01824,0.04191,0.01022
0.08806,0.04402,0.79787,0.01538,0.04403,0.01062
0.09233,0.04566,0.79213,0.01272,0.04616,0.01100
0.09659,0.04721,0.78631,0.01025,0.04830,0.01134
0.10084,0.04867,0.78042,0.00801,0.05042,0.01165
0.10506,0.05002,0.77446,0.00600,0.05253,0.01193
0.10923,0.05128,0.76845,0.00426,0.05462,0.01217
0.11335,0.05244,0.76238,0.00279,0.05667,0.01237
0.11739,0.05350,0.75628,0.00161,0.05869,0.01252
0.12134,0.05445,0.75015,0.00074,0.06067,0.01264
0.12519,0.05530,0.74399,0.00020,0.06260,0.01271
0.12893,0.05605,0.73782,0.00000,0.06446,0.01274
0.13253,0.05670,0.73163,0.00015,0.06627,0.01272
0.13599,0.05726,0.72543,0.00067,0.06800,0.01265
0.13930,0.05772,0.71923,0.00156,0.06965,0.01254
0.14243,0.05808,0.71304,0.00285,0.07122,0.01238
0.14539,0.05836,0.70685,0.00453,0.07269,0.01218
0.14815,0.05855,0.70068,0.00661,0.07407,0.01193
0.15070,0.05866,0.69453,0.00911,0.07535,0.01164
0.15305,0.05870,0.68841,0.01202,0.07652,0.01131
0.15516,0.05866,0.68231,0.01535,0.07758,0.01093
0.15705,0.05856,0.67624,0.01911,0.07853,0.01052
0.15870,0.05839,0.67020,0.02328,0.07935,0.01007
0.16010,0.05817,0.66421,0.02788,0.08005,0.00959
0.16125,0.05790,0.65825,0.03290,0.08063,0.00908
0.16215,0.05758,0.65233,0.03833,0.08107,0.00854
0.16278,0.05722,0.64646,0.04417,0.08139,0.00798
0.16316,0.05683,0.64063,0.05041,0.08158,0.00740
0.16326,0.05641,0.63485,0.05704,0.08163,0.00680
0.16311,0.05596,0.62912,0.06405,0.08155,0.00620
0.16269,0.05549,0.62344,0.07144,0.08135,0.00559
0.16201,0.05501,0.61781,0.07918,0.08100,0.00499
0.16107,0.05453,0.61223,0.08726,0.08053,0.00439
0.15987,0.05404,0.60669,0.09566,0.07994,0.00380
0.15843,0.05355,0.60121,0.10437,0.07921,0.00323
0.15674,0.05307,0.59578,0.11336,0.07837,0.00268
0.15481,0.05260,0.59040,0.12262,0.07741,0.00217
0.15265,0.05214,0.58506,0.13212,0.07633,0.00169
0.15027,0.05171,0.57977,0.14185,0.07514,0.00126
0.14768,0.05130,0.57453,0.15177,0.07384,0.00088
0.14488,0.05092,0.56933,0.16186,0.07244,0.00056
0.14190,0.05058,0.56417,0.17210,0.07095,0.00031
0.13873,0.05027,0.55905,0.18246,0.06937,0.00012
0.13540,0.05000,0.55397,0.19291,0.06770,0.00002
0.13191,0.04978,0.54893,0.20342,0.06596,0.00001
0.12828,0.04960,0.54392,0.21397,0.06414,0.00009
0.12453,0.04948,0.53894,0.22453,0.06226,0.00027
0.12066,0.04941,0.53398,0.23507,0.06033,0.00056
0.11669,0.04939,0.52905,0.24556,0.05834,0.00097
0.11263,0.04944,0.52415,0.25596,0.05632,0.00150
0.10850,0.04956,0.51926,0.26626,0.05425,0.00216
0.10432,0.04974,0.51439,0.27643,0.05216,0.00296
0.10010,0.04999,0.50953,0.28643,0.05005,0.00390
0.09585,0.05032,0.50468,0.29623,0.04792,0.00500
0.09158,0.05073,0.49983,0.30582,0.04579,0.00624
0.08732,0.05121,0.49499,0.31516,0.04366,0.00766
0.08307,0.05179,0.49015,0.32423,0.04153,0.00923
0.07885,0.05244,0.48530,0.33300,0.03942,0.01099
0.07466,0.05319,0.48044,0.34145,0.03733,0.01292
0.07054,0.05404,0.47557,0.34956,0.03527,0.01503
0.06647,0.05498,0.47069,0.35730,0.03324,0.01732
0.06248,0.05602,0.46579,0.36465,0.03124,0.01981
0.05858,0.05717,0.46086,0.37160,0.02929,0.02250
0.05477,0.05843,0.45591,0.37812,0.02739,0.02538
0.05107,0.05980,0.45093,0.38420,0.02553,0.02846
0.04748,0.06129,0.44592,0.38983,0.02374,0.03174
0.04401,0.06290,0.44088,0.39499,0.02200,0.03522
0.04067,0.06463,0.43579,0.39967,0.02033,0.03891
0.03745,0.06649,0.43067,0.40385,0.01873,0.04281
0.03438,0.06849,0.42550,0.40753,0.01719,0.04691
0.03145,0.07062,0.42028,0.41071,0.01572,0.05122
0.02866,0.07289,0.41502,0.41338,0.01433,0.05573
0.02602,0.07530,0.40970,0.41552,0.01301,0.06045
0.02352,0.07786,0.40433,0.41715,0.01176,0.06537
0.02118,0.08057,0.39891,0.41826,0.01059,0.07049
0.01898,0.08344,0.39343,0.41885,0.00949,0.07582
0.01693,0.08646,0.38789,0.41893,0.00846,0.08133
0.01502,0.08964,0.38229,0.41849,0.00751,0.08704
0.01326,0.09298,0.37663,0.41755,0.00663,0.09294
0.01164,0.09649,0.37090,0.41611,0.00582,0.09902
0.01016,0.10017,0.36512,0.41419,0.00508,0.10529
0.00881,0.10401,0.35927,0.41178,0.00440,0.11173
0.00758,0.10802,0.35336,0.40891,0.00379,0.11833
0.00648,0.11220,0.34739,0.40559,0.00324,0.12510
0.00549,0.11655,0.34135,0.40183,0.00274,0.13203
0.00461,0.12107,0.33525,0.39765,0.00230,0.13911
0.00384,0.12576,0.32910,0.39305,0.00192,0.14634
0.00316,0.13061,0.32288,0.38807,0.00158,0.15370
0.00257,0.13563,0.31661,0.38272,0.00128,0.16119
0.00206,0.14081,0.31028,0.37702,0.00103,0.16880
0.00163,0.14614,0.30389,0.37098,0.00082,0.17653
0.00127,0.15163,0.29746,0.36463,0.00064,0.18437
0.00097,0.15727,0.29098,0.35800,0.00049,0.19230
0.00073,0.16304,0.28445,0.35109,0.00036,0.20033
0.00053,0.16896,0.27788,0.34394,0.00027,0.20843
0.00038,0.17500,0.27127,0.33656,0.00019,0.21661
0.00026,0.18116,0.26462,0.32897,0.00013,0.22485
0.00017,0.18743,0.25795,0.32121,0.00009,0.23315
0.00011,0.19380,0.25125,0.31329,0.00005,0.24150
0.00006,0.20026,0.24453,0.30524,0.00003,0.24988
0.00003,0.20680,0.23779,0.29707,0.00002,0.25829
0.00002,0.21340,0.23104,0.28881,0.00001,0.26673
0.00001,0.22006,0.22429,0.28047,0.00000,0.27517
0.00000,0.22675,0.21753,0.27209,0.00000,0.28362
0.00000,0.23347,0.21078,0.26368,0.00000,0.29207
0.00000,0.24020,0.20404,0.25526,0.00000,0.30050
0.00000,0.24692,0.19732,0.24685,0.00000,0.30891
0.00000,0.25362,0.19062,0.23847,0.00000,0.31729
0.00000,0.26028,0.18394,0.23014,0.00000,0.32564
0.00000,0.26688,0.17731,0.22186,0.00000,0.33394
0.00001,0.27341,0.17071,0.21367,0.00000,0.34220
0.00002,0.27984,0.16417,0.20558,0.00001,0.35039
0.00003,0.28616,0.15768,0.19759,0.00002,0.35852
0.00006,0.29235,0.15125,0.18973,0.00003,0.36658
0.00011,0.29839,0.14489,0.18200,0.00005,0.37456
0.00017,0.30426,0.13860,0.17442,0.00009,0.38246
0.00026,0.30994,0.13240,0.16700,0.00013,0.39027
0.00038,0.31541,0.12628,0.15975,0.00019,0.39798
0.00053,0.32066,0.12026,0.15267,0.00027,0.40560
0.00073,0.32566,0.11434,0.14578,0.00037,0.41312
0.00098,0.33040,0.10853,0.13908,0.00049,0.42053
0.00128,0.33486,0.10282,0.13257,0.00064,0.42783
0.00164,0.33902,0.09724,0.12627,0.00082,0.43502
0.00207,0.34286,0.09178,0.12017,0.00103,0.44208
0.00257,0.34637,0.08645,0.11428,0.00129,0.44904
0.00316,0.34953,0.08126,0.10861,0.00158,0.45586
0.00384,0.35232,0.07620,0.10314,0.00192,0.46257
0.00462,0.35474,0.07129,0.09789,0.00231,0.46915
0.00550,0.35677,0.06653,0.09285,0.00275,0.47560
0.00649,0.35840,0.06192,0.08802,0.00324,0.48193
0.00759,0.35961,0.05747,0.08340,0.00380,0.48813
0.00882,0.36040,0.05318,0.07899,0.00441,0.49421
0.01017,0.36075,0.04905,0.07479,0.00509,0.50015
0.01166,0.36067,0.04509,0.07079,0.00583,0.50597
0.01328,0.36014,0.04129,0.06698,0.00664,0.51166
0.01504,0.35916,0.03767,0.06337,0.00752,0.51723
0.01695,0.35773,0.03422,0.05995,0.00847,0.52268
0.01900,0.35585,0.03094,0.05672,0.00950,0.52800
0.02120,0.35350,0.02784,0.05366,0.01060,0.53320
0.02354,0.35071,0.02491,0.05078,0.01177,0.53829
0.02604,0.34747,0.02215,0.04806,0.01302,0.54326
0.02868,0.34377,0.01957,0.04551,0.01434,0.54812
0.03147,0.33964,0.01716,0.04312,0.01574,0.55287
0.03441,0.33508,0.01493,0.04087,0.01720,0.55751
0.03748,0.33009,0.01286,0.03877,0.01874,0.56205
0.04070,0.32469,0.01096,0.03681,0.02035,0.56649
0.04404,0.31889,0.00923,0.03498,0.02202,0.57084
0.04751,0.31271,0.00766,0.03328,0.02376,0.57509
0.05110,0.30615,0.00625,0.03169,0.02555,0.57925
0.05481,0.29923,0.00500,0.03022,0.02740,0.58333
0.05862,0.29198,0.00390,0.02887,0.02931,0.58733
0.06252,0.28441,0.00294,0.02761,0.03126,0.59125
0.06651,0.27654,0.00214,0.02645,0.03325,0.59510
0.07057,0.26840,0.00146,0.02539,0.03529,0.59889
0.07470,0.26000,0.00093,0.02441,0.03735,0.60261
0.07888,0.25137,0.00052,0.02352,0.03944,0.60627
0.08311,0.24253,0.00023,0.02271,0.04155,0.60987
0.08736,0.23351,0.00006,0.02197,0.04368,0.61343
0.09162,0.22434,0.00000,0.02130,0.04581,0.61693
0.09589,0.21504,0.00004,0.02069,0.04794,0.62040
0.10014,0.20563,0.00018,0.02015,0.05007,0.62383
0.10436,0.19615,0.00042,0.01967,0.05218,0.62722
0.10854,0.18663,0.00073,0.01924,0.05427,0.63059
0.11267,0.17709,0.00112,0.01886,0.05633,0.63392
0.11672,0.16755,0.00159,0.01854,0.05836,0.63724
0.12069,0.15806,0.00211,0.01825,0.06035,0.64053
0.12456,0.14863,0.00270,0.01801,0.06228,0.64382
0.12832,0.13929,0.00333,0.01781,0.06416,0.64709
0.13195,0.13008,0.00401,0.01765,0.06597,0.65035
0.13543,0.12101,0.00472,0.01752,0.06772,0.65360
