0.00000,0.00000,0.00000,1.00000,0.00000,0.00000,0.00000,0.00000,0.00000,0.00000
0.00000,0.00000,0.00035,0.99965,0.00000,0.00000,0.00000,0.00000,0.00000,0.00000
0.00000,0.00000,0.00138,0.99861,0.00000,0.00000,0.00000,0.00000,0.00000,0.00000
0.00000,0.00001,0.00311,0.99688,0.00000,0.00000,0.00000,0.00000,0.00000,0.00000
0.00000,0.00002,0.00550,0.99447,0.00000,0.00000,0.00001,0.00000,0.00000,0.00000
0.00000,0.00005,0.00856,0.99138,0.00000,0.00000,0.00002,0.00000,0.00000,0.00000
0.00000,0.00010,0.01225,0.98761,0.00000,0.00000,0.00004,0.00000,0.00000,0.00000
0.00000,0.00019,0.01655,0.98319,0.00000,0.00000,0.00007,0.00000,0.00000,0.00000
0.00000,0.00032,0.02145,0.97811,0.00000,0.00000,0.00012,0.00000,0.00000,0.00000
0.00000,0.00050,0.02690,0.97240,0.00000,0.00001,0.00019,0.00000,0.00000,0.00000
0.00001,0.00075,0.03287,0.96607,0.00000,0.00001,0.00029,0.00000,0.00000,0.00000
0.00002,0.00109,0.03933,0.95913,0.00000,0.00002,0.00041,0.00000,0.00000,0.00000
0.00003,0.00152,0.04623,0.95161,0.00000,0.00004,0.00058,0.00000,0.00000,0.00000
0.00004,0.00206,0.05353,0.94351,0.00000,0.00006,0.00079,0.00000,0.00000,0.00000
0.00006,0.00273,0.06119,0.93487,0.00000,0.00009,0.00105,0.00000,0.00000,0.00000
0.00009,0.00353,0.06916,0.92570,0.00001,0.00014,0.00136,0.00000,0.00000,0.00000
0.00013,0.00449,0.07740,0.91603,0.00001,0.00020,0.00173,0.00000,0.00000,0.00000
0.00019,0.00560,0.08585,0.90587,0.00001,0.00029,0.00217,0.00000,0.00000,0.00000
0.00026,0.00689,0.09447,0.89526,0.00002,0.00040,0.00269,0.00000,0.00000,0.00000
0.00035,0.00836,0.10321,0.88421,0.00003,0.00054,0.00327,0.00000,0.00001,0.00000
0.00047,0.01002,0.11202,0.87276,0.00005,0.00072,0.00394,0.00000,0.00001,0.00000
0.00062,0.01188,0.12085,0.86093,0.00007,0.00094,0.00470,0.00000,0.00001,0.00000
0.00079,0.01393,0.12965,0.84874,0.00011,0.00122,0.00554,0.00000,0.00002,0.00000
0.00101,0.01619,0.13838,0.83622,0.00015,0.00155,0.00647,0.00000,0.00002,0.00000
0.00127,0.01864,0.14699,0.82341,0.00020,0.00195,0.00749,0.00001,0.00003,0.00000
0.00157,0.02129,0.15544,0.81031,0.00028,0.00243,0.00861,0.00001,0.00005,0.00000
0.00193,0.02413,0.16369,0.79698,0.00037,0.00299,0.00983,0.00002,0.00006,0.00000
0.00234,0.02716,0.17170,0.78342,0.00049,0.00365,0.01113,0.00002,0.00008,0.00000
0.00282,0.03036,0.17944,0.76966,0.00064,0.00441,0.01254,0.00003,0.00010,0.00000
0.00337,0.03372,0.18687,0.75574,0.00083,0.00527,0.01403,0.00004,0.00013,0.00000
0.00398,0.03723,0.19395,0.74167,0.00105,0.00626,0.01561,0.00006,0.00017,0.00000
0.00467,0.04087,0.20068,0.72749,0.00133,0.00738,0.01728,0.00008,0.00022,0.00000
0.00545,0.04463,0.20701,0.71322,0.00167,0.00863,0.01902,0.00011,0.00027,0.00000
0.00630,0.04848,0.21293,0.69887,0.00207,0.01002,0.02085,0.00015,0.00034,0.00000
0.00723,0.05241,0.21842,0.68449,0.00255,0.01155,0.02274,0.00019,0.00041,0.00000
0.00826,0.05639,0.22346,0.67008,0.00312,0.01325,0.02470,0.00025,0.00050,0.00000
0.00936,0.06039,0.22805,0.65566,0.00378,0.01509,0.02672,0.00033,0.00061,0.00000
0.01056,0.06441,0.23217,0.64127,0.00455,0.01710,0.02879,0.00042,0.00073,0.00001
0.01183,0.06840,0.23583,0.62693,0.00544,0.01926,0.03090,0.00053,0.00087,0.00001
0.01319,0.07235,0.23901,0.61264,0.00646,0.02159,0.03304,0.00067,0.00103,0.00001
0.01463,0.07624,0.24172,0.59842,0.00762,0.02407,0.03522,0.00085,0.00122,0.00002
0.01614,0.08004,0.24395,0.58431,0.00894,0.02671,0.03741,0.00105,0.00142,0.00002
0.01771,0.08372,0.24573,0.57030,0.01043,0.02950,0.03961,0.00130,0.00166,0.00003
0.01935,0.08727,0.24705,0.55642,0.01210,0.03244,0.04182,0.00160,0.00192,0.00003
0.02104,0.09067,0.24792,0.54268,0.01396,0.03551,0.04401,0.00195,0.00221,0.00004
0.02277,0.09389,0.24836,0.52910,0.01603,0.03871,0.04619,0.00237,0.00252,0.00006
0.02454,0.09693,0.24837,0.51568,0.01830,0.04202,0.04835,0.00286,0.00287,0.00007
0.02633,0.09975,0.24798,0.50244,0.02081,0.04544,0.05048,0.00343,0.00326,0.00009
0.02813,0.10235,0.24721,0.48939,0.02354,0.04894,0.05257,0.00410,0.00367,0.00011
0.02992,0.10472,0.24606,0.47653,0.02651,0.05252,0.05461,0.00487,0.00412,0.00014
0.03171,0.10684,0.24456,0.46388,0.02972,0.05616,0.05659,0.00576,0.00460,0.00017
0.03347,0.10871,0.24273,0.45144,0.03318,0.05984,0.05852,0.00678,0.00512,0.00021
0.03519,0.11032,0.24059,0.43922,0.03689,0.06354,0.06038,0.00794,0.00567,0.00026
0.03686,0.11166,0.23815,0.42723,0.04085,0.06725,0.06217,0.00926,0.00625,0.00032
0.03846,0.11275,0.23545,0.41546,0.04506,0.07094,0.06388,0.01075,0.00687,0.00039
0.03998,0.11357,0.23250,0.40393,0.04950,0.07460,0.06551,0.01242,0.00751,0.00048
0.04141,0.11413,0.22933,0.39263,0.05418,0.07821,0.06706,0.01431,0.00818,0.00058
0.04273,0.11443,0.22595,0.38157,0.05908,0.08175,0.06852,0.01641,0.00888,0.00069
0.04394,0.11448,0.22238,0.37076,0.06419,0.08519,0.06989,0.01875,0.00960,0.00083
0.04503,0.11428,0.21865,0.36018,0.06950,0.08853,0.07117,0.02134,0.01034,0.00099
0.04598,0.11386,0.21477,0.34985,0.07498,0.09175,0.07235,0.02420,0.01109,0.00117
0.04678,0.11321,0.21076,0.33976,0.08062,0.09482,0.07345,0.02735,0.01186,0.00138
0.04744,0.11235,0.20665,0.32991,0.08640,0.09774,0.07444,0.03081,0.01264,0.00163
0.04794,0.11129,0.20244,0.32031,0.09228,0.10049,0.07535,0.03458,0.01341,0.00191
0.04828,0.11004,0.19816,0.31094,0.09824,0.10306,0.07616,0.03868,0.01419,0.00224
0.04846,0.10863,0.19382,0.30182,0.10426,0.10544,0.07688,0.04313,0.01496,0.00261
0.04847,0.10707,0.18944,0.29292,0.11029,0.10761,0.07751,0.04795,0.01571,0.00303
0.04832,0.10536,0.18502,0.28427,0.11631,0.10958,0.07805,0.05313,0.01645,0.00351
0.04801,0.10353,0.18059,0.27584,0.12229,0.11134,0.07851,0.05870,0.01716,0.00405
0.04753,0.10159,0.17615,0.26764,0.12817,0.11288,0.07888,0.06466,0.01784,0.00466
0.04690,0.09956,0.17171,0.25966,0.13394,0.11421,0.07917,0.07101,0.01849,0.00534
0.04612,0.09745,0.16729,0.25190,0.13956,0.11532,0.07939,0.07777,0.01909,0.00611
0.04520,0.09528,0.16289,0.24437,0.14498,0.11621,0.07953,0.08493,0.01965,0.00697
0.04415,0.09306,0.15852,0.23704,0.15017,0.11689,0.07960,0.09250,0.02016,0.00793
0.04297,0.09080,0.15419,0.22992,0.15509,0.11736,0.07960,0.10047,0.02061,0.00899
0.04168,0.08852,0.14990,0.22301,0.15972,0.11764,0.07954,0.10883,0.02100,0.01017
0.04028,0.08623,0.14566,0.21630,0.16401,0.11772,0.07941,0.11759,0.02132,0.01147
0.03880,0.08394,0.14148,0.20979,0.16794,0.11762,0.07923,0.12672,0.02157,0.01291
0.03724,0.08166,0.13736,0.20346,0.17148,0.11736,0.07900,0.13621,0.02176,0.01449
0.03561,0.07939,0.13329,0.19733,0.17460,0.11693,0.07871,0.14605,0.02186,0.01622
0.03393,0.07716,0.12929,0.19138,0.17727,0.11636,0.07838,0.15622,0.02190,0.01812
0.03221,0.07496,0.12536,0.18561,0.17948,0.11566,0.07800,0.16668,0.02185,0.02019
0.03046,0.07281,0.12150,0.18002,0.18121,0.11484,0.07757,0.17742,0.02172,0.02244
0.02870,0.07070,0.11770,0.17459,0.18245,0.11392,0.07711,0.18841,0.02152,0.02489
0.02694,0.06864,0.11398,0.16933,0.18318,0.11292,0.07661,0.19961,0.02124,0.02755
0.02519,0.06663,0.11033,0.16424,0.18340,0.11184,0.07607,0.21099,0.02088,0.03042
0.02346,0.06469,0.10675,0.15930,0.18311,0.11070,0.07550,0.22251,0.02045,0.03352
0.02176,0.06280,0.10325,0.15452,0.18231,0.10953,0.07490,0.23412,0.01995,0.03686
0.02011,0.06098,0.09982,0.14989,0.18099,0.10833,0.07426,0.24580,0.01938,0.04044
0.01850,0.05921,0.09646,0.14541,0.17919,0.10712,0.07360,0.25748,0.01875,0.04429
0.01695,0.05751,0.09317,0.14107,0.17689,0.10591,0.07290,0.26913,0.01807,0.04840
0.01546,0.05586,0.08995,0.13687,0.17413,0.10472,0.07218,0.28070,0.01732,0.05279
0.01405,0.05428,0.08681,0.13280,0.17093,0.10356,0.07142,0.29214,0.01654,0.05747
0.01271,0.05275,0.08373,0.12887,0.16730,0.10245,0.07064,0.30340,0.01571,0.06245
0.01144,0.05128,0.08073,0.12506,0.16327,0.10139,0.06984,0.31442,0.01485,0.06773
0.01025,0.04986,0.07780,0.12138,0.15888,0.10039,0.06900,0.32516,0.01396,0.07332
0.00915,0.04848,0.07494,0.11782,0.15414,0.09948,0.06813,0.33557,0.01305,0.07923
0.00813,0.04715,0.07214,0.11438,0.14911,0.09865,0.06724,0.34560,0.01213,0.08547
0.00718,0.04587,0.06942,0.11105,0.14381,0.09792,0.06632,0.35519,0.01120,0.09204
0.00632,0.04461,0.06676,0.10784,0.13828,0.09729,0.06536,0.36431,0.01028,0.09894
0.00554,0.04340,0.06418,0.10473,0.13255,0.09678,0.06438,0.37290,0.00937,0.10619
0.00482,0.04221,0.06166,0.10173,0.12667,0.09639,0.06336,0.38092,0.00847,0.11377
0.00419,0.04104,0.05922,0.09883,0.12067,0.09612,0.06231,0.38833,0.00760,0.12169
0.00361,0.03989,0.05684,0.09603,0.11460,0.09599,0.06123,0.39509,0.00675,0.12996
0.00311,0.03876,0.05453,0.09332,0.10848,0.09600,0.06011,0.40117,0.00594,0.13858
0.00266,0.03764,0.05230,0.09071,0.10235,0.09615,0.05896,0.40653,0.00517,0.14753
0.00227,0.03653,0.05013,0.08819,0.09625,0.09645,0.05777,0.41115,0.00444,0.15682
0.00193,0.03542,0.04803,0.08576,0.09022,0.09689,0.05655,0.41499,0.00377,0.16644
0.00163,0.03431,0.04601,0.08341,0.08427,0.09749,0.05529,0.41805,0.00314,0.17640
0.00138,0.03319,0.04406,0.08114,0.07845,0.09825,0.05399,0.42029,0.00257,0.18667
0.00116,0.03207,0.04218,0.07895,0.07278,0.09916,0.05265,0.42172,0.00206,0.19726
0.00098,0.03094,0.04037,0.07684,0.06728,0.10023,0.05128,0.42231,0.00161,0.20816
0.00082,0.02979,0.03864,0.07480,0.06198,0.10145,0.04988,0.42208,0.00121,0.21935
0.00069,0.02863,0.03698,0.07284,0.05689,0.10283,0.04844,0.42101,0.00088,0.23082
0.00059,0.02746,0.03539,0.07094,0.05203,0.10436,0.04696,0.41911,0.00060,0.24257
0.00050,0.02627,0.03388,0.06910,0.04740,0.10605,0.04545,0.41640,0.00038,0.25457
0.00043,0.02506,0.03245,0.06733,0.04303,0.10788,0.04391,0.41289,0.00021,0.26682
0.00037,0.02384,0.03108,0.06562,0.03892,0.10986,0.04234,0.40859,0.00009,0.27929
0.00032,0.02260,0.02980,0.06396,0.03507,0.11197,0.04075,0.40353,0.00002,0.29198
0.00028,0.02135,0.02858,0.06237,0.03148,0.11422,0.03913,0.39773,0.00000,0.30486
0.00025,0.02009,0.02744,0.06082,0.02816,0.11660,0.03749,0.39123,0.00002,0.31791
0.00023,0.01882,0.02638,0.05932,0.02509,0.11909,0.03583,0.38405,0.00007,0.33112
0.00021,0.01755,0.02539,0.05787,0.02228,0.12169,0.03416,0.37623,0.00015,0.34447
0.00020,0.01627,0.02447,0.05646,0.01971,0.12438,0.03248,0.36782,0.00026,0.35794
0.00019,0.01501,0.02363,0.05510,0.01739,0.12716,0.03080,0.35884,0.00039,0.37150
0.00018,0.01375,0.02286,0.05378,0.01529,0.13002,0.02911,0.34936,0.00053,0.38513
0.00017,0.01251,0.02216,0.05249,0.01340,0.13293,0.02743,0.33941,0.00069,0.39882
0.00017,0.01129,0.02154,0.05123,0.01172,0.13588,0.02575,0.32903,0.00085,0.41253
0.00017,0.01010,0.02099,0.05001,0.01023,0.13885,0.02409,0.31829,0.00101,0.42626
0.00017,0.00895,0.02051,0.04882,0.00892,0.14184,0.02246,0.30722,0.00116,0.43997
0.00017,0.00784,0.02010,0.04765,0.00776,0.14481,0.02084,0.29587,0.00131,0.45364
0.00017,0.00678,0.01976,0.04651,0.00676,0.14776,0.01926,0.28430,0.00144,0.46725
0.00017,0.00578,0.01950,0.04539,0.00590,0.15066,0.01771,0.27256,0.00156,0.48078
0.00017,0.00484,0.01930,0.04430,0.00515,0.15348,0.01620,0.26069,0.00166,0.49421
0.00017,0.00397,0.01918,0.04322,0.00452,0.15622,0.01474,0.24874,0.00174,0.50752
0.00016,0.00317,0.01913,0.04215,0.00398,0.15884,0.01333,0.23677,0.00179,0.52068
0.00016,0.00246,0.01916,0.04110,0.00353,0.16134,0.01197,0.22480,0.00182,0.53367
0.00015,0.00183,0.01926,0.04006,0.00316,0.16368,0.01067,0.21290,0.00182,0.54647
0.00013,0.00129,0.01944,0.03903,0.00286,0.16584,0.00944,0.20109,0.00180,0.55907
0.00012,0.00084,0.01970,0.03801,0.00261,0.16781,0.00828,0.18943,0.00175,0.57145
0.00010,0.00049,0.02003,0.03699,0.00243,0.16956,0.00719,0.17794,0.00168,0.58358
0.00008,0.00023,0.02045,0.03598,0.00229,0.17109,0.00617,0.16667,0.00159,0.59545
0.00007,0.00007,0.02095,0.03497,0.00219,0.17236,0.00523,0.15565,0.00148,0.60704
0.00005,0.00000,0.02154,0.03396,0.00214,0.17336,0.00437,0.14490,0.00135,0.61834
0.00003,0.00002,0.02221,0.03295,0.00212,0.17409,0.00359,0.13445,0.00121,0.62934
0.00001,0.00013,0.02298,0.03195,0.00214,0.17452,0.00288,0.12434,0.00105,0.64001
0.00000,0.00032,0.02383,0.03093,0.00219,0.17464,0.00226,0.11457,0.00089,0.65035
0.00000,0.00059,0.02479,0.02992,0.00228,0.17445,0.00172,0.10518,0.00073,0.66034
0.00001,0.00092,0.02584,0.02891,0.00240,0.17394,0.00126,0.09617,0.00058,0.66998
0.00003,0.00131,0.02699,0.02789,0.00256,0.17310,0.00087,0.08757,0.00043,0.67925
0.00008,0.00175,0.02825,0.02686,0.00276,0.17193,0.00056,0.07937,0.00029,0.68814
0.00014,0.00223,0.02960,0.02583,0.00300,0.17043,0.00032,0.07160,0.00018,0.69666
0.00024,0.00274,0.03107,0.02480,0.00328,0.16861,0.00015,0.06425,0.00009,0.70478
0.00036,0.00326,0.03263,0.02377,0.00360,0.16646,0.00005,0.05734,0.00003,0.71251
0.00052,0.00380,0.03430,0.02273,0.00396,0.16400,0.00000,0.05085,0.00000,0.71984
0.00073,0.00432,0.03608,0.02169,0.00437,0.16123,0.00001,0.04480,0.00001,0.72676
0.00099,0.00482,0.03796,0.02064,0.00482,0.15817,0.00007,0.03917,0.00007,0.73328
0.00130,0.00530,0.03994,0.01960,0.00533,0.15482,0.00018,0.03397,0.00018,0.73939
0.00167,0.00573,0.04201,0.01856,0.00587,0.15121,0.00033,0.02918,0.00035,0.74508
0.00210,0.00611,0.04418,0.01752,0.00647,0.14736,0.00051,0.02481,0.00057,0.75037
0.00260,0.00643,0.04643,0.01649,0.00711,0.14327,0.00072,0.02084,0.00086,0.75525
0.00318,0.00667,0.04877,0.01546,0.00780,0.13897,0.00095,0.01726,0.00121,0.75972
0.00384,0.00684,0.05118,0.01444,0.00852,0.13449,0.00120,0.01406,0.00164,0.76378
0.00459,0.00693,0.05365,0.01344,0.00929,0.12985,0.00146,0.01122,0.00214,0.76744
0.00541,0.00693,0.05618,0.01244,0.01010,0.12507,0.00172,0.00875,0.00271,0.77070
0.00633,0.00684,0.05875,0.01147,0.01094,0.12017,0.00198,0.00661,0.00336,0.77356
0.00734,0.00666,0.06135,0.01051,0.01181,0.11518,0.00224,0.00480,0.00408,0.77602
0.00843,0.00640,0.06397,0.00958,0.01270,0.11012,0.00249,0.00330,0.00489,0.77810
0.00962,0.00605,0.06659,0.00867,0.01362,0.10503,0.00273,0.00211,0.00578,0.77980
0.01090,0.00563,0.06920,0.00779,0.01456,0.09991,0.00294,0.00119,0.00675,0.78113
0.01226,0.00514,0.07178,0.00694,0.01551,0.09481,0.00314,0.00055,0.00781,0.78208
0.01370,0.00460,0.07431,0.00613,0.01647,0.08973,0.00331,0.00015,0.00894,0.78267
0.01522,0.00401,0.07678,0.00535,0.01742,0.08471,0.00345,0.00000,0.01015,0.78290
0.01680,0.00340,0.07917,0.00462,0.01838,0.07975,0.00356,0.00008,0.01145,0.78278
0.01846,0.00278,0.08145,0.00393,0.01933,0.07489,0.00365,0.00036,0.01282,0.78233
0.02016,0.00217,0.08361,0.00329,0.02027,0.07014,0.00370,0.00084,0.01427,0.78153
0.02192,0.00160,0.08563,0.00269,0.02120,0.06552,0.00372,0.00151,0.01580,0.78042
0.02371,0.00107,0.08749,0.00216,0.02210,0.06103,0.00371,0.00234,0.01740,0.77898
0.02552,0.00063,0.08917,0.00167,0.02299,0.05670,0.00368,0.00333,0.01908,0.77724
0.02734,0.00028,0.09065,0.00125,0.02385,0.05253,0.00361,0.00447,0.02083,0.77519
0.02917,0.00007,0.09192,0.00088,0.02468,0.04854,0.00351,0.00574,0.02264,0.77286
0.03098,0.00000,0.09295,0.00058,0.02548,0.04472,0.00339,0.00713,0.02453,0.77024
0.03277,0.00011,0.09374,0.00034,0.02625,0.04109,0.00325,0.00863,0.02648,0.76734
0.03451,0.00042,0.09427,0.00016,0.02699,0.03766,0.00309,0.01023,0.02849,0.76418
0.03621,0.00096,0.09453,0.00005,0.02769,0.03441,0.00291,0.01192,0.03057,0.76076
0.03783,0.00175,0.09450,0.00000,0.02836,0.03136,0.00271,0.01369,0.03270,0.75708
0.03938,0.00280,0.09418,0.00002,0.02900,0.02850,0.00251,0.01553,0.03490,0.75317
0.04083,0.00414,0.09356,0.00011,0.02961,0.02583,0.00230,0.01743,0.03715,0.74903
0.04218,0.00579,0.09264,0.00025,0.03019,0.02335,0.00208,0.01938,0.03946,0.74466
0.04342,0.00776,0.09142,0.00047,0.03075,0.02105,0.00186,0.02137,0.04182,0.74008
0.04453,0.01006,0.08989,0.00074,0.03128,0.01892,0.00165,0.02340,0.04424,0.73530
0.04550,0.01270,0.08806,0.00107,0.03179,0.01697,0.00144,0.02545,0.04671,0.73031
0.04633,0.01568,0.08594,0.00146,0.03228,0.01517,0.00124,0.02753,0.04923,0.72514
0.04701,0.01902,0.08353,0.00191,0.03276,0.01353,0.00104,0.02961,0.05180,0.71979
0.04753,0.02270,0.08085,0.00240,0.03323,0.01204,0.00086,0.03169,0.05442,0.71427
0.04790,0.02672,0.07791,0.00295,0.03369,0.01068,0.00070,0.03377,0.05709,0.70859
0.04810,0.03108,0.07473,0.00353,0.03415,0.00946,0.00055,0.03584,0.05982,0.70275
0.04814,0.03576,0.07132,0.00415,0.03461,0.00835,0.00042,0.03789,0.06259,0.69677
0.04801,0.04075,0.06771,0.00481,0.03508,0.00736,0.00030,0.03991,0.06541,0.69065
0.04773,0.04603,0.06393,0.00550,0.03556,0.00647,0.00021,0.04190,0.06828,0.68440
0.04728,0.05157,0.06000,0.00621,0.03606,0.00567,0.00013,0.04384,0.07120,0.67804
0.04669,0.05736,0.05595,0.00693,0.03657,0.00496,0.00007,0.04574,0.07417,0.67156
0.04594,0.06336,0.05180,0.00767,0.03712,0.00432,0.00003,0.04758,0.07719,0.66498
0.04505,0.06954,0.04760,0.00842,0.03769,0.00376,0.00001,0.04936,0.08026,0.65831
0.04404,0.07586,0.04337,0.00916,0.03831,0.00326,0.00000,0.05107,0.08338,0.65156
0.04290,0.08231,0.03915,0.00990,0.03895,0.00282,0.00001,0.05271,0.08654,0.64472
0.04165,0.08882,0.03498,0.01063,0.03965,0.00243,0.00002,0.05426,0.08975,0.63783
0.04030,0.09537,0.03088,0.01133,0.04039,0.00208,0.00005,0.05572,0.09301,0.63087
0.03886,0.10193,0.02690,0.01202,0.04118,0.00177,0.00009,0.05709,0.09631,0.62386
0.03734,0.10844,0.02307,0.01267,0.04203,0.00150,0.00013,0.05836,0.09965,0.61681
0.03576,0.11486,0.01942,0.01329,0.04293,0.00127,0.00018,0.05951,0.10304,0.60973
0.03413,0.12117,0.01600,0.01387,0.04390,0.00106,0.00023,0.06056,0.10647,0.60262
0.03246,0.12731,0.01282,0.01440,0.04493,0.00087,0.00028,0.06149,0.10994,0.59550
0.03077,0.13326,0.00994,0.01488,0.04602,0.00071,0.00033,0.06230,0.11344,0.58837
0.02906,0.13897,0.00737,0.01530,0.04719,0.00056,0.00037,0.06298,0.11697,0.58124
0.02735,0.14441,0.00514,0.01567,0.04842,0.00044,0.00041,0.06352,0.12053,0.57412
0.02565,0.14955,0.00328,0.01597,0.04972,0.00033,0.00044,0.06394,0.12411,0.56702
0.02397,0.15435,0.00182,0.01620,0.05109,0.00023,0.00047,0.06421,0.12771,0.55994
0.02232,0.15880,0.00078,0.01637,0.05254,0.00015,0.00048,0.06435,0.13132,0.55289
0.02071,0.16286,0.00017,0.01647,0.05405,0.00009,0.00049,0.06434,0.13494,0.54589
0.01915,0.16651,0.00001,0.01649,0.05563,0.00004,0.00049,0.06419,0.13856,0.53893
0.01764,0.16974,0.00031,0.01645,0.05727,0.00001,0.00047,0.06390,0.14217,0.53203
0.01619,0.17253,0.00108,0.01633,0.05897,0.00000,0.00045,0.06347,0.14577,0.52520
0.01481,0.17488,0.00234,0.01613,0.06073,0.00001,0.00042,0.06290,0.14935,0.51843
0.01349,0.17677,0.00408,0.01587,0.06254,0.00004,0.00038,0.06218,0.15289,0.51175
0.01225,0.17819,0.00630,0.01554,0.06440,0.00010,0.00034,0.06134,0.15640,0.50515
0.01109,0.17916,0.00900,0.01513,0.06630,0.00019,0.00029,0.06036,0.15985,0.49864
0.01000,0.17967,0.01217,0.01467,0.06822,0.00031,0.00024,0.05925,0.16324,0.49222
0.00899,0.17973,0.01580,0.01414,0.07017,0.00048,0.00019,0.05802,0.16656,0.48592
0.00806,0.17936,0.01989,0.01356,0.07213,0.00069,0.00014,0.05667,0.16979,0.47972
0.00720,0.17855,0.02441,0.01292,0.07409,0.00095,0.00009,0.05522,0.17293,0.47363
0.00641,0.17733,0.02935,0.01223,0.07605,0.00128,0.00005,0.05366,0.17597,0.46767
0.00569,0.17572,0.03468,0.01151,0.07797,0.00168,0.00002,0.05201,0.17888,0.46183
0.00505,0.17373,0.04039,0.01075,0.07986,0.00215,0.00000,0.05028,0.18166,0.45613
0.00446,0.17139,0.04645,0.00996,0.08170,0.00272,0.00000,0.04847,0.18429,0.45055
0.00394,0.16873,0.05283,0.00915,0.08348,0.00338,0.00001,0.04659,0.18677,0.44512
0.00347,0.16576,0.05950,0.00832,0.08518,0.00416,0.00005,0.04466,0.18907,0.43983
0.00306,0.16252,0.06643,0.00749,0.08678,0.00505,0.00010,0.04269,0.19120,0.43468
0.00270,0.15903,0.07360,0.00666,0.08827,0.00608,0.00018,0.04068,0.19313,0.42968
0.00238,0.15531,0.08097,0.00585,0.08963,0.00726,0.00028,0.03865,0.19485,0.42483
0.00210,0.15141,0.08850,0.00505,0.09085,0.00859,0.00041,0.03660,0.19635,0.42013
0.00186,0.14734,0.09616,0.00427,0.09191,0.01010,0.00057,0.03456,0.19763,0.41559
0.00165,0.14314,0.10393,0.00354,0.09280,0.01179,0.00076,0.03252,0.19866,0.41121
0.00147,0.13883,0.11176,0.00285,0.09351,0.01368,0.00097,0.03051,0.19945,0.40698
0.00132,0.13443,0.11962,0.00221,0.09402,0.01578,0.00122,0.02852,0.19998,0.40290
0.00119,0.12998,0.12749,0.00164,0.09431,0.01810,0.00149,0.02657,0.20024,0.39899
0.00108,0.12549,0.13532,0.00114,0.09438,0.02066,0.00180,0.02467,0.20023,0.39523
0.00099,0.12100,0.14309,0.00072,0.09422,0.02345,0.00213,0.02282,0.19994,0.39163
0.00091,0.11652,0.15077,0.00039,0.09382,0.02650,0.00249,0.02104,0.19937,0.38819
0.00085,0.11206,0.15833,0.00015,0.09318,0.02980,0.00288,0.01933,0.19851,0.38490
0.00080,0.10767,0.16575,0.00002,0.09228,0.03338,0.00328,0.01769,0.19737,0.38176
0.00076,0.10333,0.17298,0.00001,0.09114,0.03722,0.00371,0.01613,0.19593,0.37878
0.00073,0.09908,0.18003,0.00011,0.08974,0.04134,0.00416,0.01466,0.19421,0.37594
0.00071,0.09493,0.18685,0.00035,0.08809,0.04573,0.00462,0.01328,0.19220,0.37325
0.00069,0.09088,0.19343,0.00072,0.08619,0.05040,0.00510,0.01198,0.18991,0.37069
0.00068,0.08696,0.19976,0.00123,0.08406,0.05534,0.00558,0.01078,0.18734,0.36828
0.00068,0.08316,0.20581,0.00188,0.08170,0.06054,0.00607,0.00967,0.18450,0.36600
0.00067,0.07949,0.21157,0.00269,0.07911,0.06601,0.00656,0.00864,0.18140,0.36385
0.00067,0.07596,0.21703,0.00366,0.07633,0.07172,0.00706,0.00771,0.17804,0.36182
0.00067,0.07257,0.22217,0.00480,0.07335,0.07768,0.00754,0.00687,0.17444,0.35991
0.00068,0.06932,0.22699,0.00610,0.07020,0.08386,0.00802,0.00611,0.17061,0.35811
0.00068,0.06622,0.23148,0.00757,0.06690,0.09024,0.00849,0.00543,0.16656,0.35642
0.00068,0.06327,0.23563,0.00922,0.06347,0.09682,0.00894,0.00482,0.16231,0.35483
0.00068,0.06046,0.23944,0.01104,0.05993,0.10357,0.00938,0.00429,0.15787,0.35334
0.00068,0.05780,0.24290,0.01305,0.05631,0.11046,0.00979,0.00383,0.15326,0.35193
0.00067,0.05527,0.24603,0.01524,0.05262,0.11747,0.01018,0.00344,0.14849,0.35060
0.00066,0.05288,0.24880,0.01761,0.04890,0.12458,0.01054,0.00310,0.14358,0.34934
0.00064,0.05063,0.25123,0.02017,0.04517,0.13175,0.01088,0.00282,0.13856,0.34815
0.00062,0.04850,0.25333,0.02291,0.04146,0.13897,0.01118,0.00259,0.13344,0.34701
0.00059,0.04650,0.25508,0.02585,0.03779,0.14620,0.01145,0.00240,0.12824,0.34591
0.00055,0.04461,0.25650,0.02896,0.03419,0.15340,0.01169,0.00227,0.12297,0.34486
0.00051,0.04284,0.25760,0.03227,0.03068,0.16056,0.01189,0.00217,0.11767,0.34383
0.00046,0.04117,0.25837,0.03575,0.02729,0.16763,0.01205,0.00212,0.11235,0.34282
0.00040,0.03960,0.25883,0.03943,0.02403,0.17459,0.01218,0.00210,0.10702,0.34182
0.00034,0.03813,0.25898,0.04328,0.02093,0.18141,0.01227,0.00213,0.10171,0.34082
0.00028,0.03674,0.25883,0.04731,0.01801,0.18806,0.01232,0.00220,0.09644,0.33980
0.00022,0.03544,0.25840,0.05152,0.01528,0.19450,0.01233,0.00232,0.09122,0.33877
0.00016,0.03421,0.25768,0.05591,0.01276,0.20072,0.01231,0.00249,0.08607,0.33771
0.00010,0.03304,0.25668,0.06046,0.01045,0.20668,0.01225,0.00271,0.08101,0.33661
0.00006,0.03195,0.25542,0.06519,0.00837,0.21236,0.01216,0.00299,0.07605,0.33546
0.00002,0.03090,0.25391,0.07008,0.00653,0.21774,0.01203,0.00333,0.07120,0.33425
0.00000,0.02991,0.25215,0.07512,0.00492,0.22280,0.01188,0.00376,0.06649,0.33297
0.00000,0.02897,0.25015,0.08033,0.00355,0.22751,0.01169,0.00427,0.06191,0.33161
0.00003,0.02806,0.24792,0.08568,0.00242,0.23188,0.01147,0.00488,0.05749,0.33016
0.00009,0.02719,0.24547,0.09118,0.00151,0.23587,0.01122,0.00560,0.05323,0.32862
0.00019,0.02636,0.24280,0.09683,0.00083,0.23949,0.01095,0.00644,0.04914,0.32696
0.00033,0.02554,0.23994,0.10260,0.00036,0.24272,0.01066,0.00742,0.04523,0.32519
0.00053,0.02475,0.23687,0.10851,0.00009,0.24556,0.01035,0.00855,0.04150,0.32330
0.00078,0.02397,0.23362,0.11455,0.00000,0.24801,0.01001,0.00983,0.03795,0.32128
0.00109,0.02321,0.23019,0.12070,0.00008,0.25007,0.00966,0.01130,0.03459,0.31911
0.00146,0.02246,0.22659,0.12696,0.00032,0.25173,0.00930,0.01296,0.03142,0.31680
0.00192,0.02171,0.22282,0.13333,0.00069,0.25302,0.00892,0.01482,0.02844,0.31434
0.00245,0.02097,0.21889,0.13980,0.00116,0.25392,0.00853,0.01691,0.02565,0.31171
0.00306,0.02023,0.21481,0.14636,0.00173,0.25447,0.00814,0.01922,0.02305,0.30893
0.00376,0.01950,0.21059,0.15301,0.00237,0.25466,0.00773,0.02178,0.02063,0.30597
0.00455,0.01876,0.20623,0.15973,0.00305,0.25451,0.00733,0.02460,0.01839,0.30284
0.00543,0.01802,0.20174,0.16653,0.00377,0.25405,0.00692,0.02769,0.01633,0.29954
0.00641,0.01727,0.19713,0.17338,0.00448,0.25328,0.00650,0.03105,0.01443,0.29606
0.00748,0.01653,0.19240,0.18030,0.00518,0.25223,0.00609,0.03469,0.01270,0.29240
0.00865,0.01578,0.18756,0.18726,0.00585,0.25092,0.00568,0.03862,0.01113,0.28855
0.00991,0.01503,0.18263,0.19426,0.00647,0.24936,0.00528,0.04284,0.00970,0.28453
0.01126,0.01428,0.17759,0.20129,0.00702,0.24759,0.00488,0.04735,0.00841,0.28033
0.01269,0.01353,0.17248,0.20834,0.00749,0.24563,0.00448,0.05215,0.00726,0.27595
0.01420,0.01279,0.16728,0.21541,0.00787,0.24350,0.00409,0.05724,0.00623,0.27139
0.01579,0.01205,0.16202,0.22248,0.00815,0.24121,0.00371,0.06261,0.00531,0.26667
0.01744,0.01132,0.15669,0.22955,0.00833,0.23881,0.00335,0.06826,0.00450,0.26177
0.01915,0.01059,0.15131,0.23660,0.00839,0.23630,0.00299,0.07416,0.00379,0.25671
0.02091,0.00988,0.14588,0.24364,0.00835,0.23371,0.00264,0.08032,0.00317,0.25149
0.02271,0.00918,0.14042,0.25065,0.00819,0.23107,0.00231,0.08670,0.00264,0.24612
0.02453,0.00850,0.13493,0.25761,0.00793,0.22839,0.00200,0.09331,0.00217,0.24061
0.02637,0.00784,0.12943,0.26453,0.00757,0.22571,0.00170,0.10011,0.00178,0.23496
0.02821,0.00720,0.12392,0.27140,0.00712,0.22302,0.00142,0.10708,0.00144,0.22919
0.03003,0.00659,0.11842,0.27819,0.00659,0.22037,0.00116,0.11420,0.00116,0.22330
0.03183,0.00600,0.11293,0.28491,0.00599,0.21775,0.00092,0.12145,0.00092,0.21730
0.03359,0.00545,0.10747,0.29155,0.00533,0.21519,0.00070,0.12879,0.00073,0.21120
0.03530,0.00492,0.10204,0.29810,0.00464,0.21271,0.00051,0.13619,0.00057,0.20501
0.03694,0.00443,0.09667,0.30454,0.00394,0.21032,0.00034,0.14363,0.00044,0.19875
0.03850,0.00397,0.09135,0.31088,0.00323,0.20802,0.00021,0.15107,0.00033,0.19243
0.03997,0.00355,0.08611,0.31709,0.00255,0.20584,0.00010,0.15848,0.00025,0.18605
0.04134,0.00316,0.08095,0.32319,0.00191,0.20377,0.00003,0.16583,0.00018,0.17964
0.04259,0.00280,0.07588,0.32914,0.00132,0.20184,0.00000,0.17308,0.00013,0.17320
0.04371,0.00248,0.07092,0.33496,0.00082,0.20005,0.00001,0.18021,0.00009,0.16675
0.04470,0.00219,0.06608,0.34062,0.00043,0.19839,0.00006,0.18716,0.00006,0.16029
0.04555,0.00193,0.06137,0.34613,0.00015,0.19689,0.00016,0.19393,0.00004,0.15385
0.04625,0.00171,0.05679,0.35148,0.00001,0.19553,0.00032,0.20046,0.00003,0.14743
0.04679,0.00151,0.05236,0.35665,0.00003,0.19433,0.00053,0.20673,0.00002,0.14104
0.04718,0.00135,0.04809,0.36166,0.00022,0.19327,0.00080,0.21272,0.00001,0.13471
0.04740,0.00120,0.04398,0.36648,0.00060,0.19237,0.00114,0.21838,0.00001,0.12844
0.04747,0.00109,0.04004,0.37111,0.00117,0.19162,0.00155,0.22371,0.00000,0.12224
0.04737,0.00100,0.03629,0.37556,0.00196,0.19102,0.00203,0.22866,0.00000,0.11612
0.04711,0.00092,0.03272,0.37981,0.00296,0.19056,0.00260,0.23322,0.00000,0.11010
0.04670,0.00087,0.02934,0.38386,0.00417,0.19024,0.00326,0.23736,0.00000,0.10419
0.04613,0.00084,0.02616,0.38771,0.00562,0.19005,0.00402,0.24108,0.00000,0.09839
0.04543,0.00083,0.02317,0.39136,0.00729,0.18998,0.00488,0.24435,0.00000,0.09272
0.04458,0.00084,0.02039,0.39481,0.00918,0.19002,0.00585,0.24715,0.00000,0.08718
0.04361,0.00087,0.01781,0.39805,0.01129,0.19017,0.00694,0.24949,0.00000,0.08178
0.04252,0.00092,0.01542,0.40108,0.01361,0.19042,0.00815,0.25134,0.00000,0.07654
0.04132,0.00100,0.01324,0.40391,0.01614,0.19074,0.00949,0.25271,0.00000,0.07145
0.04002,0.00111,0.01125,0.40653,0.01887,0.19114,0.01097,0.25359,0.00000,0.06653
0.03863,0.00124,0.00946,0.40895,0.02177,0.19158,0.01261,0.25398,0.00000,0.06178
0.03717,0.00142,0.00785,0.41116,0.02484,0.19207,0.01439,0.25389,0.00000,0.05720
0.03565,0.00164,0.00642,0.41318,0.02807,0.19258,0.01634,0.25331,0.00000,0.05280
0.03408,0.00192,0.00517,0.41500,0.03143,0.19309,0.01846,0.25226,0.00000,0.04858
0.03248,0.00225,0.00408,0.41663,0.03491,0.19360,0.02075,0.25075,0.00000,0.04455
0.03084,0.00265,0.00315,0.41807,0.03849,0.19408,0.02323,0.24878,0.00000,0.04071
0.02920,0.00312,0.00236,0.41933,0.04215,0.19451,0.02589,0.24638,0.00000,0.03706
0.02755,0.00368,0.00171,0.42042,0.04587,0.19487,0.02875,0.24354,0.00000,0.03359
0.02592,0.00434,0.00119,0.42133,0.04963,0.19516,0.03181,0.24031,0.00000,0.03032
0.02430,0.00511,0.00078,0.42209,0.05341,0.19533,0.03507,0.23668,0.00000,0.02723
0.02271,0.00599,0.00047,0.42268,0.05719,0.19539,0.03854,0.23269,0.00001,0.02434
0.02116,0.00701,0.00025,0.42313,0.06095,0.19530,0.04222,0.22835,0.00001,0.02163
0.01965,0.00816,0.00010,0.42345,0.06467,0.19505,0.04611,0.22369,0.00001,0.01910
0.01819,0.00947,0.00002,0.42363,0.06834,0.19462,0.05022,0.21872,0.00002,0.01676
0.01679,0.01094,0.00000,0.42369,0.07194,0.19400,0.05453,0.21348,0.00003,0.01459
0.01546,0.01258,0.00002,0.42364,0.07545,0.19317,0.05906,0.20799,0.00004,0.01260
0.01419,0.01439,0.00007,0.42348,0.07887,0.19210,0.06380,0.20227,0.00005,0.01077
0.01299,0.01640,0.00014,0.42324,0.08216,0.19080,0.06874,0.19635,0.00007,0.00912
0.01186,0.01859,0.00022,0.42292,0.08534,0.18924,0.07388,0.19025,0.00009,0.00762
0.01080,0.02098,0.00031,0.42252,0.08838,0.18741,0.07921,0.18400,0.00011,0.00628
0.00981,0.02356,0.00039,0.42207,0.09128,0.18531,0.08473,0.17762,0.00015,0.00509
0.00890,0.02635,0.00047,0.42157,0.09403,0.18292,0.09042,0.17114,0.00018,0.00404
0.00805,0.02933,0.00053,0.42103,0.09662,0.18025,0.09627,0.16457,0.00023,0.00313
0.00728,0.03250,0.00057,0.42046,0.09906,0.17728,0.10227,0.15795,0.00028,0.00235
0.00657,0.03586,0.00059,0.41988,0.10134,0.17403,0.10842,0.15129,0.00034,0.00169
0.00593,0.03940,0.00058,0.41929,0.10346,0.17048,0.11468,0.14462,0.00040,0.00115
0.00535,0.04310,0.00056,0.41872,0.10543,0.16664,0.12105,0.13795,0.00048,0.00073
0.00482,0.04696,0.00051,0.41816,0.10724,0.16253,0.12750,0.13130,0.00057,0.00040
0.00435,0.05096,0.00045,0.41763,0.10889,0.15814,0.13403,0.12470,0.00067,0.00018
0.00394,0.05507,0.00038,0.41714,0.11040,0.15349,0.14060,0.11816,0.00077,0.00005
0.00356,0.05929,0.00029,0.41670,0.11176,0.14860,0.14720,0.11170,0.00089,0.00000
0.00323,0.06359,0.00021,0.41632,0.11299,0.14347,0.15380,0.10534,0.00102,0.00003
0.00295,0.06793,0.00012,0.41601,0.11409,0.13814,0.16039,0.09907,0.00116,0.00013
0.00269,0.07231,0.00006,0.41579,0.11507,0.13261,0.16693,0.09293,0.00131,0.00030
0.00247,0.07669,0.00001,0.41565,0.11593,0.12691,0.17341,0.08693,0.00147,0.00052
0.00228,0.08104,0.00000,0.41562,0.11669,0.12107,0.17980,0.08107,0.00164,0.00080
0.00212,0.08533,0.00003,0.41569,0.11735,0.11510,0.18607,0.07536,0.00182,0.00112
0.00198,0.08954,0.00011,0.41588,0.11792,0.10904,0.19220,0.06982,0.00201,0.00148
0.00187,0.09363,0.00026,0.41620,0.11842,0.10292,0.19817,0.06445,0.00221,0.00187
0.00177,0.09757,0.00047,0.41665,0.11884,0.09676,0.20395,0.05927,0.00242,0.00229
0.00169,0.10134,0.00077,0.41725,0.11921,0.09059,0.20952,0.05427,0.00264,0.00274
0.00163,0.10489,0.00116,0.41799,0.11951,0.08444,0.21485,0.04947,0.00286,0.00320
0.00158,0.10821,0.00165,0.41889,0.11978,0.07834,0.21992,0.04487,0.00309,0.00367
0.00154,0.11127,0.00225,0.41995,0.12000,0.07233,0.22471,0.04047,0.00332,0.00415
0.00151,0.11405,0.00296,0.42118,0.12020,0.06642,0.22921,0.03629,0.00356,0.00464
0.00149,0.11651,0.00380,0.42259,0.12036,0.06064,0.23338,0.03232,0.00380,0.00512
0.00148,0.11863,0.00476,0.42417,0.12051,0.05503,0.23722,0.02857,0.00404,0.00559
0.00148,0.12041,0.00584,0.42593,0.12065,0.04961,0.24070,0.02504,0.00428,0.00606
0.00148,0.12182,0.00706,0.42789,0.12077,0.04439,0.24382,0.02174,0.00452,0.00651
0.00149,0.12285,0.00841,0.43003,0.12089,0.03941,0.24656,0.01866,0.00476,0.00694
0.00149,0.12350,0.00988,0.43237,0.12101,0.03468,0.24890,0.01581,0.00500,0.00736
0.00150,0.12374,0.01148,0.43490,0.12113,0.03022,0.25085,0.01320,0.00523,0.00775
0.00151,0.12359,0.01320,0.43763,0.12124,0.02605,0.25239,0.01081,0.00546,0.00811
0.00152,0.12305,0.01503,0.44056,0.12136,0.02217,0.25352,0.00867,0.00568,0.00844
0.00152,0.12210,0.01697,0.44369,0.12147,0.01860,0.25424,0.00675,0.00590,0.00875
0.00152,0.12077,0.01899,0.44703,0.12159,0.01534,0.25455,0.00508,0.00611,0.00901
0.00152,0.11906,0.02110,0.45056,0.12170,0.01241,0.25444,0.00364,0.00632,0.00925
0.00150,0.11699,0.02328,0.45429,0.12181,0.00979,0.25392,0.00244,0.00652,0.00945
0.00148,0.11457,0.02551,0.45822,0.12191,0.00750,0.25300,0.00148,0.00671,0.00961
0.00145,0.11183,0.02778,0.46234,0.12199,0.00553,0.25169,0.00076,0.00689,0.00973
0.00141,0.10878,0.03008,0.46666,0.12206,0.00388,0.24999,0.00028,0.00707,0.00981
0.00136,0.10544,0.03237,0.47117,0.12210,0.00253,0.24791,0.00003,0.00724,0.00985
0.00129,0.10186,0.03465,0.47586,0.12211,0.00148,0.24547,0.00003,0.00740,0.00985
0.00122,0.09804,0.03690,0.48073,0.12209,0.00072,0.24268,0.00025,0.00755,0.00981
0.00113,0.09403,0.03909,0.48578,0.12201,0.00024,0.23957,0.00072,0.00770,0.00973
0.00103,0.08985,0.04121,0.49100,0.12189,0.00002,0.23613,0.00141,0.00785,0.00962
0.00092,0.08553,0.04324,0.49638,0.12170,0.00004,0.23240,0.00234,0.00799,0.00946
0.00081,0.08111,0.04515,0.50191,0.12145,0.00030,0.22840,0.00350,0.00812,0.00927
0.00069,0.07661,0.04694,0.50759,0.12111,0.00077,0.22413,0.00487,0.00825,0.00904
0.00057,0.07208,0.04859,0.51340,0.12068,0.00143,0.21963,0.00647,0.00837,0.00877
0.00045,0.06753,0.05007,0.51935,0.12016,0.00227,0.21492,0.00829,0.00850,0.00848
0.00033,0.06300,0.05137,0.52541,0.11953,0.00327,0.21001,0.01031,0.00862,0.00815
0.00023,0.05851,0.05248,0.53159,0.11878,0.00440,0.20494,0.01253,0.00875,0.00779
0.00014,0.05410,0.05339,0.53785,0.11791,0.00566,0.19971,0.01496,0.00887,0.00741
0.00006,0.04979,0.05408,0.54421,0.11691,0.00702,0.19436,0.01757,0.00899,0.00701
0.00002,0.04560,0.05456,0.55063,0.11576,0.00847,0.18890,0.02036,0.00912,0.00659
0.00000,0.04155,0.05480,0.55711,0.11447,0.00998,0.18336,0.02332,0.00925,0.00615
0.00002,0.03766,0.05481,0.56364,0.11303,0.01155,0.17776,0.02644,0.00939,0.00570
0.00009,0.03395,0.05459,0.57020,0.11143,0.01316,0.17212,0.02970,0.00953,0.00524
0.00021,0.03042,0.05413,0.57678,0.10966,0.01480,0.16645,0.03311,0.00968,0.00477
0.00038,0.02710,0.05343,0.58336,0.10773,0.01645,0.16078,0.03663,0.00984,0.00430
0.00062,0.02399,0.05251,0.58993,0.10562,0.01810,0.15513,0.04026,0.01000,0.00384
0.00093,0.02109,0.05136,0.59647,0.10335,0.01975,0.14951,0.04399,0.01017,0.00338
0.00132,0.01840,0.05001,0.60296,0.10092,0.02138,0.14393,0.04779,0.01036,0.00293
0.00178,0.01594,0.04844,0.60940,0.09831,0.02300,0.13842,0.05166,0.01055,0.00250
0.00234,0.01369,0.04669,0.61576,0.09555,0.02458,0.13298,0.05556,0.01076,0.00208
0.00298,0.01166,0.04476,0.62203,0.09263,0.02614,0.12763,0.05950,0.01097,0.00170
0.00372,0.00983,0.04268,0.62818,0.08956,0.02766,0.12239,0.06343,0.01120,0.00134
0.00456,0.00821,0.04045,0.63422,0.08635,0.02915,0.11725,0.06736,0.01145,0.00101
0.00549,0.00677,0.03810,0.64011,0.08301,0.03061,0.11223,0.07125,0.01170,0.00072
0.00653,0.00552,0.03565,0.64585,0.07956,0.03203,0.10734,0.07509,0.01197,0.00048
0.00766,0.00444,0.03312,0.65141,0.07599,0.03342,0.10258,0.07886,0.01225,0.00028
0.00889,0.00351,0.03053,0.65678,0.07234,0.03478,0.09796,0.08254,0.01254,0.00013
0.01021,0.00273,0.02791,0.66195,0.06861,0.03612,0.09348,0.08610,0.01285,0.00004
0.01162,0.00208,0.02528,0.66690,0.06482,0.03744,0.08916,0.08953,0.01317,0.00000
0.01311,0.00155,0.02266,0.67162,0.06100,0.03874,0.08498,0.09282,0.01350,0.00003
0.01468,0.00112,0.02008,0.67609,0.05715,0.04003,0.08095,0.09593,0.01384,0.00012
0.01632,0.00078,0.01757,0.68030,0.05330,0.04133,0.07708,0.09885,0.01419,0.00028
0.01803,0.00053,0.01514,0.68423,0.04946,0.04263,0.07336,0.10157,0.01454,0.00051
0.01978,0.00033,0.01282,0.68788,0.04567,0.04395,0.06978,0.10407,0.01491,0.00082
0.02157,0.00020,0.01063,0.69122,0.04193,0.04528,0.06636,0.10633,0.01528,0.00120
0.02339,0.00011,0.00860,0.69426,0.03826,0.04665,0.06309,0.10835,0.01565,0.00166
0.02522,0.00005,0.00673,0.69698,0.03469,0.04806,0.05996,0.11010,0.01602,0.00219
0.02706,0.00002,0.00506,0.69936,0.03123,0.04952,0.05697,0.11158,0.01639,0.00281
0.02888,0.00000,0.00361,0.70141,0.02791,0.05103,0.05412,0.11277,0.01675,0.00352
0.03068,0.00000,0.00238,0.70311,0.02473,0.05262,0.05141,0.11368,0.01711,0.00430
0.03244,0.00001,0.00139,0.70445,0.02171,0.05428,0.04883,0.11429,0.01746,0.00516
0.03415,0.00001,0.00065,0.70543,0.01886,0.05602,0.04637,0.11460,0.01779,0.00611
0.03580,0.00002,0.00019,0.70605,0.01620,0.05787,0.04403,0.11461,0.01810,0.00713
0.03736,0.00002,0.00000,0.70629,0.01374,0.05982,0.04181,0.11432,0.01840,0.00824
0.03884,0.00002,0.00010,0.70616,0.01148,0.06188,0.03970,0.11373,0.01867,0.00942
0.04021,0.00002,0.00050,0.70565,0.00943,0.06407,0.03769,0.11284,0.01890,0.01067
0.04147,0.00002,0.00119,0.70476,0.00759,0.06639,0.03579,0.11167,0.01911,0.01200
0.04260,0.00001,0.00219,0.70349,0.00596,0.06886,0.03399,0.11022,0.01928,0.01340
0.04360,0.00000,0.00349,0.70184,0.00455,0.07148,0.03227,0.10850,0.01941,0.01486
0.04446,0.00000,0.00510,0.69980,0.00334,0.07425,0.03064,0.10652,0.01949,0.01639
0.04517,0.00000,0.00701,0.69739,0.00234,0.07720,0.02910,0.10429,0.01953,0.01798
0.04573,0.00002,0.00922,0.69459,0.00153,0.08032,0.02763,0.10183,0.01951,0.01961
0.04613,0.00004,0.01173,0.69143,0.00091,0.08362,0.02623,0.09916,0.01944,0.02130
0.04638,0.00009,0.01454,0.68789,0.00046,0.08710,0.02491,0.09630,0.01932,0.02304
0.04646,0.00015,0.01762,0.68398,0.00017,0.09078,0.02364,0.09325,0.01913,0.02481
0.04639,0.00024,0.02099,0.67971,0.00002,0.09466,0.02244,0.09005,0.01888,0.02662
0.04616,0.00036,0.02463,0.67508,0.00001,0.09873,0.02129,0.08671,0.01856,0.02846
0.04578,0.00050,0.02853,0.67010,0.00011,0.10301,0.02020,0.08326,0.01818,0.03032
0.04526,0.00068,0.03268,0.66478,0.00031,0.10749,0.01916,0.07971,0.01774,0.03220
0.04459,0.00089,0.03707,0.65913,0.00058,0.11217,0.01816,0.07609,0.01723,0.03409
0.04379,0.00114,0.04169,0.65314,0.00092,0.11706,0.01721,0.07242,0.01665,0.03599
0.04287,0.00142,0.04653,0.64684,0.00129,0.12214,0.01629,0.06872,0.01602,0.03789
0.04183,0.00175,0.05157,0.64022,0.00169,0.12741,0.01542,0.06501,0.01532,0.03979
0.04068,0.00211,0.05680,0.63330,0.00210,0.13287,0.01458,0.06131,0.01457,0.04168
0.03944,0.00251,0.06222,0.62609,0.00250,0.13850,0.01378,0.05764,0.01377,0.04355
0.03812,0.00295,0.06780,0.61860,0.00288,0.14430,0.01300,0.05402,0.01291,0.04541
0.03673,0.00342,0.07354,0.61084,0.00322,0.15026,0.01226,0.05047,0.01202,0.04724
0.03528,0.00393,0.07942,0.60282,0.00351,0.15635,0.01155,0.04700,0.01110,0.04905
0.03378,0.00448,0.08543,0.59454,0.00375,0.16257,0.01086,0.04363,0.01014,0.05082
0.03224,0.00506,0.09156,0.58603,0.00392,0.16890,0.01020,0.04038,0.00917,0.05255
0.03068,0.00566,0.09779,0.57729,0.00401,0.17531,0.00957,0.03724,0.00819,0.05425
0.02911,0.00630,0.10411,0.56833,0.00404,0.18179,0.00896,0.03424,0.00722,0.05590
0.02754,0.00696,0.11052,0.55917,0.00399,0.18831,0.00837,0.03138,0.00625,0.05751
0.02598,0.00765,0.11699,0.54982,0.00387,0.19485,0.00781,0.02867,0.00531,0.05906
0.02443,0.00835,0.12352,0.54028,0.00367,0.20138,0.00727,0.02612,0.00441,0.06057
0.02291,0.00908,0.13009,0.53058,0.00342,0.20788,0.00675,0.02372,0.00355,0.06203
0.02143,0.00982,0.13670,0.52071,0.00311,0.21432,0.00625,0.02148,0.00276,0.06343
0.01999,0.01057,0.14333,0.51070,0.00275,0.22066,0.00578,0.01940,0.00204,0.06478
0.01860,0.01134,0.14997,0.50056,0.00236,0.22688,0.00532,0.01748,0.00141,0.06607
0.01726,0.01212,0.15661,0.49030,0.00195,0.23296,0.00489,0.01572,0.00088,0.06731
0.01599,0.01291,0.16325,0.47992,0.00154,0.23885,0.00448,0.01411,0.00046,0.06849
0.01477,0.01370,0.16986,0.46945,0.00114,0.24454,0.00409,0.01265,0.00017,0.06963
0.01362,0.01451,0.17645,0.45889,0.00078,0.24998,0.00373,0.01132,0.00002,0.07071
0.01254,0.01533,0.18299,0.44825,0.00046,0.25515,0.00338,0.01014,0.00002,0.07173
0.01152,0.01615,0.18949,0.43755,0.00021,0.26003,0.00305,0.00908,0.00019,0.07272
0.01057,0.01699,0.19592,0.42680,0.00005,0.26459,0.00275,0.00815,0.00052,0.07365
0.00969,0.01784,0.20228,0.41602,0.00000,0.26879,0.00246,0.00733,0.00105,0.07454
0.00888,0.01870,0.20856,0.40520,0.00007,0.27263,0.00220,0.00661,0.00177,0.07539
0.00813,0.01958,0.21474,0.39436,0.00028,0.27607,0.00195,0.00600,0.00268,0.07621
0.00745,0.02047,0.22082,0.38352,0.00065,0.27909,0.00172,0.00548,0.00381,0.07699
0.00682,0.02139,0.22678,0.37269,0.00119,0.28169,0.00152,0.00504,0.00515,0.07774
0.00626,0.02233,0.23262,0.36187,0.00192,0.28384,0.00133,0.00468,0.00671,0.07846
0.00574,0.02330,0.23832,0.35107,0.00284,0.28553,0.00116,0.00439,0.00849,0.07917
0.00528,0.02429,0.24386,0.34032,0.00397,0.28675,0.00100,0.00417,0.01049,0.07985
0.00487,0.02533,0.24925,0.32962,0.00532,0.28750,0.00086,0.00402,0.01271,0.08053
0.00451,0.02640,0.25445,0.31897,0.00687,0.28778,0.00074,0.00393,0.01515,0.08119
0.00418,0.02753,0.25947,0.30840,0.00865,0.28757,0.00063,0.00389,0.01782,0.08186
0.00390,0.02870,0.26429,0.29790,0.01065,0.28690,0.00053,0.00392,0.02069,0.08253
0.00365,0.02993,0.26889,0.28750,0.01285,0.28575,0.00045,0.00401,0.02377,0.08320
0.00343,0.03122,0.27327,0.27719,0.01527,0.28414,0.00038,0.00416,0.02705,0.08389
0.00324,0.03258,0.27740,0.26699,0.01789,0.28208,0.00031,0.00438,0.03052,0.08460
0.00309,0.03401,0.28128,0.25692,0.02069,0.27959,0.00026,0.00467,0.03417,0.08533
0.00295,0.03553,0.28488,0.24697,0.02367,0.27668,0.00022,0.00503,0.03798,0.08608
0.00284,0.03713,0.28821,0.23716,0.02681,0.27337,0.00018,0.00548,0.04195,0.08688
0.00275,0.03883,0.29123,0.22750,0.03008,0.26968,0.00015,0.00601,0.04606,0.08771
0.00268,0.04062,0.29395,0.21799,0.03348,0.26563,0.00013,0.00665,0.05029,0.08859
0.00263,0.04252,0.29634,0.20864,0.03697,0.26125,0.00011,0.00739,0.05463,0.08952
0.00259,0.04454,0.29840,0.19947,0.04054,0.25656,0.00009,0.00824,0.05907,0.09051
0.00256,0.04667,0.30010,0.19047,0.04416,0.25160,0.00008,0.00922,0.06357,0.09156
0.00255,0.04893,0.30144,0.18166,0.04781,0.24639,0.00007,0.01034,0.06814,0.09267
0.00255,0.05133,0.30241,0.17304,0.05146,0.24095,0.00006,0.01160,0.07274,0.09387
0.00255,0.05385,0.30300,0.16462,0.05508,0.23533,0.00006,0.01302,0.07735,0.09514
0.00256,0.05652,0.30319,0.15640,0.05866,0.22954,0.00006,0.01461,0.08197,0.09649
0.00258,0.05933,0.30298,0.14840,0.06216,0.22362,0.00006,0.01637,0.08657,0.09793
0.00260,0.06229,0.30236,0.14061,0.06556,0.21761,0.00006,0.01831,0.09113,0.09947
0.00262,0.06540,0.30133,0.13304,0.06883,0.21151,0.00006,0.02045,0.09563,0.10111
0.00264,0.06867,0.29987,0.12569,0.07197,0.20538,0.00007,0.02278,0.10006,0.10286
0.00266,0.07209,0.29799,0.11857,0.07493,0.19922,0.00008,0.02533,0.10440,0.10472
0.00268,0.07566,0.29568,0.11169,0.07771,0.19308,0.00009,0.02808,0.10864,0.10670
0.00269,0.07939,0.29295,0.10504,0.08029,0.18696,0.00011,0.03105,0.11274,0.10880
0.00269,0.08326,0.28978,0.09862,0.08264,0.18090,0.00012,0.03423,0.11671,0.11103
0.00268,0.08728,0.28620,0.09244,0.08477,0.17492,0.00014,0.03763,0.12053,0.11340
0.00266,0.09144,0.28220,0.08650,0.08665,0.16904,0.00017,0.04125,0.12418,0.11590
0.00263,0.09573,0.27778,0.08080,0.08829,0.16327,0.00020,0.04509,0.12766,0.11855
0.00258,0.10015,0.27297,0.07534,0.08966,0.15764,0.00023,0.04913,0.13095,0.12135
0.00251,0.10468,0.26776,0.07012,0.09078,0.15215,0.00027,0.05338,0.13404,0.12430
0.00243,0.10931,0.26217,0.06513,0.09163,0.14683,0.00032,0.05783,0.13693,0.12742
0.00234,0.11403,0.25623,0.06038,0.09222,0.14167,0.00037,0.06247,0.13960,0.13070
0.00222,0.11881,0.24993,0.05587,0.09254,0.13670,0.00042,0.06729,0.14207,0.13415
0.00209,0.12365,0.24331,0.05158,0.09262,0.13192,0.00048,0.07227,0.14431,0.13778
0.00194,0.12853,0.23638,0.04752,0.09244,0.12733,0.00054,0.07741,0.14633,0.14159
0.00178,0.13341,0.22917,0.04368,0.09203,0.12293,0.00060,0.08269,0.14812,0.14558
0.00161,0.13829,0.22169,0.04006,0.09139,0.11875,0.00067,0.08809,0.14969,0.14976
0.00142,0.14313,0.21399,0.03666,0.09053,0.11476,0.00075,0.09359,0.15104,0.15414
0.00123,0.14791,0.20607,0.03346,0.08947,0.11098,0.00082,0.09919,0.15216,0.15871
0.00104,0.15260,0.19798,0.03047,0.08822,0.10740,0.00089,0.10485,0.15306,0.16349
0.00084,0.15718,0.18973,0.02768,0.08680,0.10402,0.00097,0.11057,0.15375,0.16847
0.00066,0.16161,0.18137,0.02507,0.08522,0.10084,0.00104,0.11631,0.15423,0.17366
0.00048,0.16587,0.17291,0.02265,0.08349,0.09786,0.00111,0.12206,0.15450,0.17906
0.00032,0.16994,0.16441,0.02041,0.08165,0.09506,0.00117,0.12780,0.15458,0.18467
0.00019,0.17376,0.15587,0.01833,0.07969,0.09245,0.00123,0.13351,0.15446,0.19050
0.00009,0.17733,0.14734,0.01642,0.07764,0.09001,0.00129,0.13916,0.15416,0.19655
0.00002,0.18062,0.13885,0.01466,0.07552,0.08774,0.00133,0.14474,0.15369,0.20282
0.00000,0.18358,0.13044,0.01306,0.07334,0.08563,0.00137,0.15022,0.15304,0.20932
0.00003,0.18620,0.12212,0.01159,0.07112,0.08368,0.00140,0.15558,0.15224,0.21604
0.00012,0.18845,0.11393,0.01025,0.06887,0.08187,0.00141,0.16082,0.15129,0.22298
0.00028,0.19032,0.10590,0.00904,0.06661,0.08020,0.00142,0.16590,0.15020,0.23014
0.00051,0.19176,0.09806,0.00794,0.06434,0.07866,0.00141,0.17080,0.14898,0.23753
0.00081,0.19278,0.09043,0.00696,0.06209,0.07724,0.00139,0.17552,0.14763,0.24515
0.00121,0.19335,0.08304,0.00607,0.05986,0.07592,0.00135,0.18004,0.14617,0.25299
0.00169,0.19346,0.07591,0.00528,0.05766,0.07471,0.00130,0.18433,0.14461,0.26105
0.00227,0.19309,0.06905,0.00458,0.05551,0.07358,0.00124,0.18840,0.14295,0.26933
0.00294,0.19224,0.06250,0.00396,0.05341,0.07253,0.00117,0.19221,0.14121,0.27783
0.00372,0.19091,0.05626,0.00341,0.05136,0.07155,0.00109,0.19578,0.13939,0.28654
0.00460,0.18910,0.05034,0.00292,0.04938,0.07062,0.00100,0.19907,0.13750,0.29547
0.00558,0.18680,0.04477,0.00250,0.04747,0.06974,0.00090,0.20209,0.13554,0.30461
0.00667,0.18403,0.03954,0.00213,0.04563,0.06890,0.00079,0.20483,0.13353,0.31395
0.00785,0.18080,0.03466,0.00181,0.04386,0.06808,0.00068,0.20728,0.13147,0.32350
0.00913,0.17712,0.03014,0.00154,0.04218,0.06727,0.00057,0.20944,0.12937,0.33324
0.01051,0.17301,0.02597,0.00130,0.04058,0.06647,0.00046,0.21129,0.12724,0.34318
0.01197,0.16848,0.02216,0.00110,0.03905,0.06566,0.00035,0.21285,0.12507,0.35330
0.01351,0.16357,0.01870,0.00093,0.03761,0.06483,0.00025,0.21411,0.12288,0.36361
0.01512,0.15831,0.01558,0.00079,0.03624,0.06397,0.00017,0.21507,0.12067,0.37409
0.01680,0.15271,0.01279,0.00067,0.03496,0.06307,0.00009,0.21572,0.11844,0.38474
0.01853,0.14682,0.01033,0.00057,0.03375,0.06213,0.00004,0.21608,0.11620,0.39555
0.02030,0.14067,0.00818,0.00049,0.03262,0.06113,0.00001,0.21614,0.11394,0.40652
0.02210,0.13430,0.00633,0.00042,0.03156,0.06007,0.00000,0.21590,0.11168,0.41763
0.02391,0.12774,0.00476,0.00037,0.03057,0.05894,0.00002,0.21538,0.10942,0.42888
0.02573,0.12103,0.00345,0.00032,0.02965,0.05773,0.00008,0.21457,0.10716,0.44027
0.02755,0.11423,0.00238,0.00029,0.02879,0.05644,0.00017,0.21348,0.10489,0.45178
0.02933,0.10736,0.00154,0.00026,0.02799,0.05506,0.00030,0.21212,0.10263,0.46340
0.03108,0.10047,0.00091,0.00024,0.02725,0.05359,0.00047,0.21050,0.10037,0.47513
0.03278,0.09359,0.00046,0.00023,0.02656,0.05202,0.00068,0.20861,0.09811,0.48696
0.03442,0.08678,0.00017,0.00022,0.02592,0.05036,0.00094,0.20647,0.09585,0.49887
0.03598,0.08006,0.00003,0.00021,0.02532,0.04861,0.00124,0.20408,0.09361,0.51087
0.03745,0.07347,0.00001,0.00021,0.02476,0.04677,0.00159,0.20146,0.09136,0.52293
0.03881,0.06705,0.00009,0.00021,0.02424,0.04484,0.00199,0.19860,0.08912,0.53504
0.04007,0.06083,0.00025,0.00022,0.02375,0.04282,0.00244,0.19553,0.08689,0.54721
0.04120,0.05484,0.00048,0.00023,0.02329,0.04073,0.00293,0.19224,0.08466,0.55941
0.04220,0.04910,0.00076,0.00025,0.02285,0.03857,0.00346,0.18874,0.08244,0.57163
0.04307,0.04364,0.00106,0.00026,0.02243,0.03635,0.00404,0.18505,0.08022,0.58387
0.04378,0.03849,0.00138,0.00029,0.02203,0.03407,0.00466,0.18117,0.07800,0.59612
0.04435,0.03365,0.00171,0.00031,0.02164,0.03176,0.00531,0.17711,0.07580,0.60835
0.04477,0.02914,0.00202,0.00034,0.02126,0.02942,0.00600,0.17288,0.07359,0.62057
0.04503,0.02497,0.00232,0.00037,0.02088,0.02707,0.00672,0.16849,0.07140,0.63275
0.04514,0.02115,0.00258,0.00041,0.02050,0.02472,0.00745,0.16395,0.06920,0.64489
0.04509,0.01768,0.00281,0.00045,0.02012,0.02239,0.00821,0.15926,0.06702,0.65697
0.04490,0.01455,0.00300,0.00049,0.01974,0.02009,0.00897,0.15444,0.06484,0.66898
0.04455,0.01177,0.00314,0.00054,0.01934,0.01784,0.00975,0.14949,0.06267,0.68091
0.04407,0.00933,0.00323,0.00059,0.01894,0.01565,0.01052,0.14443,0.06050,0.69275
0.04344,0.00721,0.00327,0.00064,0.01852,0.01355,0.01128,0.13925,0.05835,0.70447
0.04269,0.00541,0.00326,0.00070,0.01809,0.01155,0.01203,0.13399,0.05621,0.71608
0.04182,0.00390,0.00320,0.00075,0.01764,0.00966,0.01276,0.12864,0.05408,0.72754
0.04084,0.00268,0.00310,0.00081,0.01717,0.00790,0.01346,0.12321,0.05196,0.73886
0.03976,0.00171,0.00295,0.00087,0.01669,0.00629,0.01413,0.11772,0.04986,0.75002
0.03858,0.00098,0.00277,0.00093,0.01618,0.00484,0.01475,0.11218,0.04778,0.76100
0.03733,0.00048,0.00256,0.00099,0.01566,0.00356,0.01533,0.10660,0.04572,0.77178
0.03601,0.00016,0.00232,0.00105,0.01512,0.00246,0.01585,0.10099,0.04368,0.78236
0.03463,0.00002,0.00207,0.00111,0.01456,0.00156,0.01632,0.09536,0.04166,0.79272
0.03321,0.00002,0.00180,0.00116,0.01399,0.00085,0.01672,0.08974,0.03967,0.80284
0.03176,0.00014,0.00153,0.00122,0.01340,0.00036,0.01705,0.08412,0.03772,0.81271
0.03028,0.00036,0.00127,0.00126,0.01280,0.00007,0.01731,0.07854,0.03579,0.82231
0.02880,0.00066,0.00101,0.00131,0.01218,0.00000,0.01749,0.07300,0.03391,0.83163
0.02731,0.00101,0.00077,0.00135,0.01156,0.00015,0.01760,0.06753,0.03206,0.84066
0.02583,0.00140,0.00055,0.00139,0.01094,0.00051,0.01763,0.06213,0.03025,0.84938
0.02437,0.00180,0.00037,0.00142,0.01031,0.00108,0.01757,0.05682,0.02849,0.85777
0.02293,0.00220,0.00021,0.00144,0.00969,0.00186,0.01744,0.05163,0.02678,0.86582
0.02153,0.00258,0.00010,0.00146,0.00907,0.00284,0.01723,0.04657,0.02511,0.87352
0.02017,0.00293,0.00003,0.00147,0.00846,0.00401,0.01694,0.04166,0.02350,0.88084
0.01885,0.00324,0.00000,0.00147,0.00786,0.00535,0.01657,0.03692,0.02195,0.88778
0.01759,0.00350,0.00002,0.00147,0.00727,0.00687,0.01613,0.03237,0.02045,0.89432
0.01638,0.00370,0.00009,0.00146,0.00671,0.00853,0.01563,0.02803,0.01901,0.90045
0.01523,0.00384,0.00020,0.00144,0.00616,0.01034,0.01505,0.02393,0.01764,0.90616
0.01415,0.00392,0.00036,0.00142,0.00564,0.01227,0.01442,0.02008,0.01632,0.91142
0.01312,0.00393,0.00057,0.00139,0.00514,0.01430,0.01374,0.01650,0.01507,0.91623
0.01216,0.00387,0.00082,0.00135,0.00468,0.01643,0.01301,0.01322,0.01388,0.92057
0.01126,0.00376,0.00111,0.00131,0.00424,0.01862,0.01224,0.01025,0.01276,0.92444
0.01043,0.00359,0.00143,0.00126,0.00383,0.02086,0.01144,0.00763,0.01171,0.92782
0.00966,0.00336,0.00178,0.00121,0.00345,0.02314,0.01062,0.00536,0.01071,0.93071
0.00895,0.00310,0.00216,0.00115,0.00311,0.02543,0.00977,0.00346,0.00979,0.93308
0.00830,0.00280,0.00256,0.00109,0.00280,0.02772,0.00892,0.00196,0.00892,0.93494
0.00770,0.00247,0.00296,0.00103,0.00252,0.02999,0.00807,0.00087,0.00812,0.93627
0.00716,0.00213,0.00338,0.00096,0.00227,0.03222,0.00722,0.00021,0.00738,0.93707
0.00668,0.00178,0.00379,0.00090,0.00205,0.03439,0.00639,0.00000,0.00670,0.93732
0.00624,0.00143,0.00419,0.00083,0.00187,0.03650,0.00558,0.00024,0.00608,0.93704
0.00585,0.00111,0.00458,0.00076,0.00171,0.03853,0.00480,0.00096,0.00551,0.93620
0.00550,0.00080,0.00495,0.00069,0.00157,0.04046,0.00406,0.00215,0.00499,0.93481
0.00520,0.00054,0.00530,0.00062,0.00147,0.04229,0.00337,0.00383,0.00453,0.93286
0.00493,0.00032,0.00561,0.00055,0.00139,0.04401,0.00272,0.00600,0.00411,0.93035
0.00470,0.00015,0.00588,0.00049,0.00133,0.04561,0.00214,0.00868,0.00374,0.92729
0.00450,0.00004,0.00611,0.00043,0.00130,0.04708,0.00161,0.01185,0.00341,0.92367
0.00433,0.00000,0.00629,0.00037,0.00130,0.04841,0.00116,0.01552,0.00312,0.91950
0.00419,0.00003,0.00642,0.00031,0.00132,0.04962,0.00077,0.01968,0.00287,0.91477
0.00408,0.00015,0.00651,0.00026,0.00137,0.05069,0.00046,0.02433,0.00266,0.90950
0.00399,0.00034,0.00653,0.00022,0.00145,0.05162,0.00023,0.02946,0.00247,0.90369
0.00392,0.00062,0.00650,0.00017,0.00157,0.05242,0.00007,0.03505,0.00232,0.89735
0.00387,0.00099,0.00642,0.00014,0.00172,0.05310,0.00000,0.04109,0.00220,0.89048
0.00384,0.00144,0.00628,0.00010,0.00192,0.05364,0.00002,0.04756,0.00210,0.88310
0.00382,0.00198,0.00609,0.00008,0.00216,0.05407,0.00011,0.05445,0.00203,0.87522
0.00382,0.00260,0.00585,0.00005,0.00247,0.05438,0.00029,0.06172,0.00198,0.86684
0.00383,0.00329,0.00556,0.00003,0.00285,0.05459,0.00056,0.06934,0.00196,0.85799
0.00385,0.00407,0.00523,0.00002,0.00330,0.05470,0.00090,0.07730,0.00196,0.84868
0.00388,0.00492,0.00486,0.00001,0.00384,0.05472,0.00132,0.08555,0.00198,0.83892
0.00391,0.00583,0.00446,0.00000,0.00448,0.05467,0.00182,0.09407,0.00203,0.82872
0.00395,0.00680,0.00404,0.00000,0.00523,0.05454,0.00239,0.10282,0.00211,0.81812
0.00400,0.00782,0.00360,0.00000,0.00611,0.05436,0.00303,0.11175,0.00221,0.80712
0.00404,0.00889,0.00315,0.00000,0.00713,0.05413,0.00374,0.12083,0.00234,0.79575
0.00408,0.01000,0.00270,0.00001,0.00831,0.05387,0.00451,0.13001,0.00249,0.78403
0.00411,0.01114,0.00225,0.00001,0.00966,0.05358,0.00534,0.13926,0.00268,0.77198
0.00414,0.01231,0.00182,0.00002,0.01119,0.05327,0.00622,0.14852,0.00290,0.75961
0.00415,0.01349,0.00141,0.00003,0.01293,0.05296,0.00715,0.15776,0.00316,0.74696
0.00416,0.01469,0.00104,0.00003,0.01488,0.05265,0.00813,0.16693,0.00345,0.73404
0.00414,0.01589,0.00071,0.00004,0.01706,0.05236,0.00914,0.17597,0.00379,0.72089
0.00412,0.01709,0.00043,0.00004,0.01948,0.05209,0.01020,0.18486,0.00417,0.70752
0.00407,0.01828,0.00022,0.00005,0.02216,0.05186,0.01128,0.19353,0.00459,0.69396
0.00400,0.01946,0.00007,0.00005,0.02511,0.05167,0.01239,0.20196,0.00506,0.68022
0.00392,0.02062,0.00000,0.00005,0.02833,0.05153,0.01353,0.21009,0.00558,0.66635
0.00380,0.02177,0.00002,0.00005,0.03183,0.05145,0.01468,0.21788,0.00615,0.65236
0.00367,0.02289,0.00014,0.00005,0.03562,0.05144,0.01585,0.22530,0.00678,0.63827
0.00351,0.02398,0.00037,0.00005,0.03969,0.05150,0.01702,0.23231,0.00746,0.62412
0.00333,0.02504,0.00070,0.00004,0.04406,0.05164,0.01821,0.23887,0.00819,0.60991
0.00313,0.02608,0.00116,0.00003,0.04871,0.05187,0.01939,0.24496,0.00898,0.59569
0.00290,0.02708,0.00174,0.00003,0.05364,0.05219,0.02058,0.25054,0.00983,0.58146
0.00266,0.02806,0.00245,0.00002,0.05885,0.05261,0.02177,0.25559,0.01073,0.56726
0.00241,0.02901,0.00331,0.00001,0.06431,0.05314,0.02295,0.26008,0.01169,0.55310
0.00214,0.02993,0.00431,0.00000,0.07002,0.05378,0.02412,0.26400,0.01270,0.53901
0.00186,0.03082,0.00546,0.00000,0.07596,0.05453,0.02528,0.26732,0.01375,0.52501
0.00158,0.03169,0.00677,0.00000,0.08210,0.05540,0.02644,0.27005,0.01486,0.51111
0.00131,0.03254,0.00824,0.00000,0.08843,0.05640,0.02758,0.27217,0.01600,0.49734
0.00104,0.03337,0.00987,0.00002,0.09491,0.05752,0.02871,0.27367,0.01719,0.48371
0.00079,0.03419,0.01168,0.00003,0.10152,0.05878,0.02982,0.27456,0.01840,0.47024
0.00056,0.03500,0.01365,0.00006,0.10823,0.06017,0.03092,0.27483,0.01965,0.45694
0.00036,0.03580,0.01580,0.00011,0.11499,0.06169,0.03200,0.27450,0.02092,0.44384
0.00019,0.03660,0.01812,0.00016,0.12178,0.06336,0.03306,0.27358,0.02220,0.43094
0.00008,0.03740,0.02063,0.00023,0.12856,0.06516,0.03411,0.27208,0.02350,0.41826
0.00001,0.03820,0.02331,0.00033,0.13528,0.06711,0.03514,0.27001,0.02479,0.40581
0.00001,0.03902,0.02618,0.00044,0.14191,0.06920,0.03616,0.26740,0.02608,0.39361
0.00007,0.03985,0.02924,0.00058,0.14841,0.07143,0.03716,0.26427,0.02736,0.38165
0.00021,0.04070,0.03249,0.00075,0.15473,0.07379,0.03813,0.26064,0.02861,0.36995
0.00043,0.04158,0.03592,0.00095,0.16084,0.07630,0.03910,0.25654,0.02983,0.35852
0.00073,0.04248,0.03955,0.00118,0.16669,0.07894,0.04004,0.25201,0.03102,0.34736
0.00113,0.04341,0.04336,0.00146,0.17225,0.08170,0.04097,0.24708,0.03216,0.33648
0.00163,0.04438,0.04737,0.00178,0.17747,0.08459,0.04188,0.24177,0.03325,0.32588
0.00223,0.04539,0.05158,0.00214,0.18233,0.08760,0.04277,0.23612,0.03428,0.31557
0.00294,0.04644,0.05597,0.00256,0.18679,0.09071,0.04364,0.23017,0.03524,0.30554
0.00375,0.04753,0.06057,0.00304,0.19081,0.09392,0.04450,0.22395,0.03612,0.29581
0.00467,0.04867,0.06536,0.00357,0.19437,0.09722,0.04534,0.21751,0.03692,0.28637
0.00569,0.04986,0.07035,0.00418,0.19745,0.10059,0.04616,0.21087,0.03764,0.27722
0.00682,0.05110,0.07553,0.00485,0.20001,0.10403,0.04695,0.20407,0.03827,0.26836
0.00805,0.05240,0.08092,0.00561,0.20206,0.10752,0.04773,0.19715,0.03880,0.25978
0.00937,0.05374,0.08650,0.00644,0.20356,0.11104,0.04849,0.19015,0.03922,0.25150
0.01078,0.05514,0.09228,0.00737,0.20451,0.11458,0.04922,0.18309,0.03955,0.24349
0.01228,0.05658,0.09825,0.00839,0.20491,0.11812,0.04992,0.17601,0.03977,0.23576
0.01385,0.05808,0.10443,0.00951,0.20475,0.12164,0.05061,0.16894,0.03989,0.22831
0.01549,0.05962,0.11080,0.01074,0.20404,0.12513,0.05126,0.16190,0.03990,0.22113
0.01718,0.06121,0.11736,0.01208,0.20278,0.12856,0.05188,0.15494,0.03980,0.21422
0.01892,0.06284,0.12411,0.01354,0.20098,0.13191,0.05247,0.14807,0.03959,0.20756
0.02068,0.06451,0.13106,0.01514,0.19866,0.13517,0.05302,0.14132,0.03929,0.20115
0.02247,0.06620,0.13819,0.01686,0.19584,0.13832,0.05354,0.13470,0.03888,0.19499
0.02426,0.06793,0.14551,0.01873,0.19253,0.14133,0.05402,0.12825,0.03837,0.18908
0.02605,0.06967,0.15300,0.02076,0.18876,0.14419,0.05445,0.12197,0.03777,0.18339
0.02781,0.07142,0.16067,0.02293,0.18457,0.14687,0.05484,0.11588,0.03708,0.17793
0.02954,0.07317,0.16850,0.02528,0.17997,0.14937,0.05518,0.10999,0.03631,0.17269
0.03121,0.07492,0.17649,0.02780,0.17501,0.15165,0.05546,0.10433,0.03545,0.16766
0.03283,0.07665,0.18464,0.03050,0.16972,0.15371,0.05570,0.09888,0.03453,0.16284
0.03437,0.07835,0.19293,0.03339,0.16414,0.15554,0.05587,0.09367,0.03354,0.15821
0.03582,0.08002,0.20135,0.03648,0.15830,0.15711,0.05598,0.08869,0.03250,0.15376
0.03717,0.08163,0.20989,0.03978,0.15223,0.15841,0.05603,0.08395,0.03140,0.14950
0.03841,0.08318,0.21854,0.04329,0.14599,0.15945,0.05600,0.07946,0.03026,0.14542
0.03954,0.08465,0.22728,0.04703,0.13961,0.16020,0.05591,0.07521,0.02908,0.14149
0.04053,0.08603,0.23610,0.05100,0.13313,0.16066,0.05575,0.07119,0.02787,0.13773
0.04140,0.08731,0.24499,0.05521,0.12658,0.16083,0.05550,0.06742,0.02664,0.13411
0.04212,0.08848,0.25391,0.05967,0.12001,0.16071,0.05519,0.06388,0.02540,0.13064
0.04269,0.08952,0.26286,0.06438,0.11344,0.16030,0.05479,0.06057,0.02415,0.12731
0.04312,0.09041,0.27182,0.06936,0.10691,0.15959,0.05431,0.05749,0.02290,0.12410
0.04339,0.09115,0.28075,0.07461,0.10046,0.15860,0.05374,0.05462,0.02165,0.12101
0.04352,0.09173,0.28964,0.08014,0.09412,0.15732,0.05310,0.05197,0.02042,0.11804
0.04350,0.09213,0.29846,0.08597,0.08790,0.15578,0.05237,0.04952,0.01921,0.11517
0.04333,0.09234,0.30718,0.09208,0.08184,0.15397,0.05155,0.04727,0.01802,0.11241
0.04302,0.09236,0.31578,0.09850,0.07596,0.15191,0.05066,0.04520,0.01685,0.10974
0.04258,0.09218,0.32423,0.10522,0.07028,0.14962,0.04968,0.04333,0.01572,0.10716
0.04200,0.09178,0.33250,0.11226,0.06482,0.14711,0.04862,0.04162,0.01463,0.10466
0.04130,0.09118,0.34055,0.11962,0.05959,0.14439,0.04748,0.04008,0.01357,0.10224
0.04049,0.09035,0.34836,0.12730,0.05460,0.14148,0.04627,0.03870,0.01256,0.09989
0.03957,0.08931,0.35590,0.13531,0.04986,0.13841,0.04498,0.03748,0.01159,0.09761
0.03855,0.08805,0.36312,0.14365,0.04537,0.13518,0.04363,0.03640,0.01066,0.09538
0.03745,0.08657,0.37000,0.15232,0.04115,0.13183,0.04222,0.03545,0.00979,0.09322
0.03627,0.08488,0.37651,0.16133,0.03719,0.12837,0.04074,0.03464,0.00896,0.09110
0.03503,0.08298,0.38261,0.17068,0.03350,0.12482,0.03921,0.03396,0.00818,0.08903
0.03374,0.08088,0.38826,0.18037,0.03006,0.12120,0.03764,0.03339,0.00745,0.08700
0.03241,0.07860,0.39344,0.19040,0.02688,0.11753,0.03602,0.03294,0.00677,0.08501
0.03104,0.07613,0.39812,0.20076,0.02395,0.11383,0.03437,0.03260,0.00614,0.08306
0.02965,0.07350,0.40227,0.21146,0.02126,0.11012,0.03269,0.03236,0.00555,0.08114
0.02826,0.07072,0.40585,0.22249,0.01880,0.10642,0.03099,0.03223,0.00501,0.07924
0.02686,0.06781,0.40884,0.23384,0.01656,0.10274,0.02927,0.03219,0.00451,0.07737
0.02548,0.06477,0.41121,0.24552,0.01454,0.09911,0.02756,0.03224,0.00406,0.07552
0.02411,0.06164,0.41294,0.25751,0.01271,0.09554,0.02584,0.03237,0.00364,0.07369
0.02276,0.05843,0.41402,0.26981,0.01107,0.09203,0.02414,0.03260,0.00326,0.07188
0.02145,0.05516,0.41441,0.28241,0.00961,0.08861,0.02245,0.03290,0.00292,0.07009
0.02018,0.05185,0.41410,0.29529,0.00830,0.08529,0.02079,0.03328,0.00261,0.06830
0.01895,0.04852,0.41309,0.30846,0.00715,0.08207,0.01916,0.03374,0.00233,0.06653
0.01777,0.04519,0.41136,0.32188,0.00613,0.07897,0.01758,0.03426,0.00208,0.06477
0.01664,0.04189,0.40890,0.33556,0.00524,0.07600,0.01604,0.03485,0.00185,0.06302
0.01557,0.03863,0.40572,0.34947,0.00447,0.07315,0.01455,0.03551,0.00165,0.06128
0.01455,0.03543,0.40181,0.36361,0.00379,0.07044,0.01312,0.03622,0.00148,0.05955
0.01360,0.03231,0.39717,0.37794,0.00321,0.06787,0.01176,0.03700,0.00132,0.05782
0.01270,0.02929,0.39182,0.39246,0.00271,0.06545,0.01046,0.03782,0.00118,0.05610
0.01187,0.02639,0.38576,0.40715,0.00228,0.06317,0.00924,0.03870,0.00106,0.05439
0.01109,0.02361,0.37902,0.42198,0.00191,0.06104,0.00809,0.03962,0.00096,0.05269
0.01037,0.02097,0.37161,0.43694,0.00160,0.05905,0.00703,0.04058,0.00086,0.05099
0.00971,0.01848,0.36356,0.45199,0.00134,0.05722,0.00604,0.04158,0.00078,0.04930
0.00911,0.01616,0.35488,0.46713,0.00112,0.05552,0.00513,0.04262,0.00071,0.04761
0.00856,0.01399,0.34563,0.48232,0.00094,0.05398,0.00431,0.04369,0.00065,0.04594
0.00806,0.01200,0.33581,0.49754,0.00078,0.05257,0.00357,0.04478,0.00060,0.04428
0.00761,0.01019,0.32549,0.51276,0.00065,0.05131,0.00291,0.04590,0.00055,0.04262
0.00721,0.00854,0.31469,0.52796,0.00055,0.05018,0.00233,0.04703,0.00052,0.04098
0.00685,0.00707,0.30346,0.54312,0.00046,0.04919,0.00182,0.04818,0.00048,0.03935
0.00654,0.00577,0.29185,0.55820,0.00039,0.04832,0.00139,0.04934,0.00046,0.03774
0.00627,0.00463,0.27990,0.57318,0.00033,0.04758,0.00103,0.05051,0.00043,0.03614
0.00603,0.00365,0.26767,0.58803,0.00028,0.04696,0.00073,0.05168,0.00041,0.03456
0.00583,0.00281,0.25520,0.60273,0.00024,0.04646,0.00049,0.05285,0.00040,0.03299
0.00566,0.00211,0.24256,0.61724,0.00021,0.04607,0.00030,0.05401,0.00038,0.03145
0.00552,0.00154,0.22979,0.63154,0.00018,0.04579,0.00017,0.05517,0.00037,0.02992
0.00542,0.00108,0.21695,0.64561,0.00016,0.04561,0.00008,0.05631,0.00037,0.02842
0.00533,0.00072,0.20409,0.65942,0.00014,0.04553,0.00002,0.05744,0.00036,0.02694
0.00527,0.00046,0.19127,0.67293,0.00013,0.04553,0.00000,0.05855,0.00036,0.02549
0.00524,0.00026,0.17855,0.68614,0.00012,0.04563,0.00001,0.05964,0.00035,0.02406
0.00522,0.00013,0.16598,0.69900,0.00011,0.04580,0.00003,0.06071,0.00035,0.02267
0.00523,0.00005,0.15360,0.71150,0.00010,0.04604,0.00007,0.06175,0.00035,0.02130
0.00524,0.00001,0.14148,0.72362,0.00009,0.04635,0.00012,0.06277,0.00035,0.01997
0.00528,0.00000,0.12965,0.73533,0.00008,0.04672,0.00017,0.06375,0.00036,0.01866
0.00532,0.00000,0.11816,0.74662,0.00008,0.04714,0.00022,0.06470,0.00036,0.01740
0.00538,0.00002,0.10706,0.75746,0.00007,0.04760,0.00027,0.06562,0.00036,0.01617
0.00544,0.00003,0.09639,0.76783,0.00007,0.04809,0.00031,0.06650,0.00036,0.01497
0.00551,0.00005,0.08618,0.77772,0.00006,0.04861,0.00035,0.06735,0.00037,0.01381
0.00558,0.00005,0.07646,0.78711,0.00006,0.04914,0.00037,0.06816,0.00037,0.01270
0.00565,0.00005,0.06727,0.79599,0.00005,0.04968,0.00038,0.06893,0.00038,0.01162
0.00572,0.00004,0.05863,0.80434,0.00005,0.05022,0.00037,0.06966,0.00038,0.01059
0.00578,0.00003,0.05056,0.81216,0.00004,0.05074,0.00035,0.07035,0.00038,0.00960
0.00583,0.00001,0.04308,0.81944,0.00004,0.05123,0.00032,0.07100,0.00039,0.00865
0.00587,0.00000,0.03621,0.82616,0.00003,0.05169,0.00028,0.07161,0.00039,0.00775
0.00590,0.00000,0.02994,0.83232,0.00003,0.05211,0.00023,0.07217,0.00039,0.00690
0.00591,0.00003,0.02429,0.83792,0.00003,0.05246,0.00018,0.07269,0.00040,0.00609
0.00590,0.00009,0.01926,0.84295,0.00002,0.05275,0.00013,0.07317,0.00040,0.00533
0.00586,0.00020,0.01484,0.84741,0.00002,0.05296,0.00008,0.07360,0.00041,0.00462
0.00580,0.00037,0.01103,0.85131,0.00002,0.05309,0.00003,0.07398,0.00041,0.00396
0.00571,0.00061,0.00782,0.85463,0.00002,0.05312,0.00001,0.07432,0.00041,0.00335
0.00560,0.00095,0.00519,0.85740,0.00002,0.05304,0.00000,0.07460,0.00042,0.00278
0.00545,0.00139,0.00312,0.85960,0.00001,0.05285,0.00002,0.07484,0.00043,0.00227
0.00528,0.00196,0.00159,0.86126,0.00001,0.05255,0.00007,0.07503,0.00043,0.00181
0.00507,0.00267,0.00059,0.86237,0.00001,0.05211,0.00017,0.07516,0.00044,0.00140
0.00484,0.00353,0.00008,0.86294,0.00001,0.05155,0.00031,0.07524,0.00045,0.00105
0.00457,0.00456,0.00004,0.86299,0.00002,0.05085,0.00050,0.07526,0.00046,0.00074
0.00428,0.00578,0.00043,0.86253,0.00002,0.05002,0.00075,0.07523,0.00047,0.00049
0.00397,0.00719,0.00122,0.86157,0.00002,0.04905,0.00107,0.07513,0.00049,0.00029
0.00363,0.00881,0.00239,0.86012,0.00003,0.04795,0.00146,0.07497,0.00050,0.00014
0.00328,0.01065,0.00389,0.85819,0.00003,0.04671,0.00193,0.07475,0.00052,0.00005
0.00292,0.01271,0.00569,0.85582,0.00005,0.04534,0.00249,0.07445,0.00054,0.00000
0.00254,0.01500,0.00776,0.85300,0.00006,0.04384,0.00313,0.07408,0.00057,0.00001
0.00217,0.01752,0.01007,0.84976,0.00008,0.04223,0.00386,0.07364,0.00060,0.00007
0.00180,0.02028,0.01256,0.84612,0.00011,0.04051,0.00469,0.07312,0.00063,0.00018
0.00145,0.02326,0.01522,0.84208,0.00015,0.03868,0.00562,0.07252,0.00067,0.00034
0.00112,0.02648,0.01801,0.83769,0.00020,0.03677,0.00665,0.07184,0.00071,0.00055
0.00081,0.02991,0.02089,0.83294,0.00026,0.03478,0.00778,0.07106,0.00076,0.00081
0.00054,0.03355,0.02383,0.82787,0.00034,0.03272,0.00901,0.07020,0.00082,0.00112
0.00032,0.03738,0.02681,0.82248,0.00045,0.03061,0.01035,0.06924,0.00088,0.00147
0.00015,0.04140,0.02980,0.81681,0.00059,0.02847,0.01179,0.06819,0.00095,0.00187
0.00004,0.04559,0.03276,0.81087,0.00075,0.02630,0.01332,0.06703,0.00103,0.00231
0.00000,0.04992,0.03567,0.80468,0.00096,0.02413,0.01495,0.06577,0.00112,0.00279
0.00004,0.05438,0.03852,0.79825,0.00121,0.02197,0.01667,0.06441,0.00123,0.00332
0.00016,0.05894,0.04127,0.79162,0.00152,0.01984,0.01848,0.06295,0.00134,0.00388
0.00037,0.06358,0.04392,0.78479,0.00189,0.01775,0.02038,0.06137,0.00147,0.00448
0.00068,0.06827,0.04644,0.77779,0.00233,0.01572,0.02235,0.05969,0.00161,0.00511
0.00109,0.07299,0.04882,0.77064,0.00286,0.01376,0.02439,0.05791,0.00176,0.00578
0.00160,0.07771,0.05106,0.76335,0.00347,0.01189,0.02649,0.05601,0.00194,0.00648
0.00222,0.08241,0.05313,0.75594,0.00418,0.01013,0.02865,0.05402,0.00213,0.00720
0.00295,0.08705,0.05503,0.74842,0.00501,0.00847,0.03086,0.05192,0.00234,0.00794
0.00380,0.09161,0.05675,0.74082,0.00596,0.00695,0.03311,0.04972,0.00257,0.00871
0.00475,0.09607,0.05830,0.73315,0.00704,0.00556,0.03539,0.04743,0.00282,0.00949
0.00580,0.10039,0.05967,0.72543,0.00827,0.00431,0.03770,0.04506,0.00309,0.01029
0.00697,0.10455,0.06085,0.71766,0.00966,0.00321,0.04002,0.04261,0.00338,0.01110
0.00823,0.10853,0.06185,0.70986,0.01122,0.00227,0.04235,0.04008,0.00370,0.01191
0.00958,0.11231,0.06268,0.70205,0.01295,0.00150,0.04467,0.03749,0.00404,0.01272
0.01102,0.11586,0.06333,0.69424,0.01487,0.00088,0.04699,0.03486,0.00440,0.01353
0.01254,0.11918,0.06382,0.68644,0.01699,0.00043,0.04929,0.03219,0.00479,0.01434
0.01412,0.12224,0.06414,0.67865,0.01932,0.00014,0.05156,0.02949,0.00521,0.01513
0.01576,0.12502,0.06431,0.67090,0.02186,0.00001,0.05380,0.02679,0.00564,0.01591
0.01745,0.12752,0.06433,0.66318,0.02461,0.00003,0.05600,0.02410,0.00610,0.01667
0.01917,0.12973,0.06421,0.65551,0.02759,0.00021,0.05815,0.02144,0.00658,0.01740
0.02091,0.13164,0.06396,0.64790,0.03079,0.00052,0.06025,0.01882,0.00709,0.01811
0.02266,0.13325,0.06359,0.64035,0.03422,0.00097,0.06229,0.01628,0.00761,0.01878
0.02441,0.13455,0.06311,0.63287,0.03787,0.00155,0.06427,0.01383,0.00815,0.01941
0.02613,0.13555,0.06253,0.62546,0.04173,0.00224,0.06618,0.01149,0.00871,0.02000
0.02782,0.13624,0.06185,0.61814,0.04581,0.00303,0.06801,0.00930,0.00927,0.02054
0.02946,0.13663,0.06110,0.61089,0.05008,0.00391,0.06977,0.00727,0.00985,0.02102
0.03105,0.13673,0.06027,0.60374,0.05455,0.00487,0.07146,0.00543,0.01044,0.02146
0.03255,0.13655,0.05938,0.59668,0.05920,0.00590,0.07306,0.00382,0.01102,0.02183
0.03398,0.13610,0.05843,0.58972,0.06401,0.00698,0.07458,0.00245,0.01161,0.02214
0.03531,0.13538,0.05744,0.58286,0.06896,0.00810,0.07601,0.00136,0.01220,0.02238
0.03653,0.13442,0.05642,0.57609,0.07404,0.00925,0.07736,0.00057,0.01277,0.02255
0.03764,0.13322,0.05536,0.56943,0.07921,0.01042,0.07863,0.00011,0.01333,0.02264
0.03862,0.13181,0.05428,0.56286,0.08446,0.01160,0.07982,0.00001,0.01387,0.02266
0.03947,0.13020,0.05319,0.55640,0.08976,0.01277,0.08092,0.00029,0.01439,0.02261
0.04019,0.12839,0.05209,0.55005,0.09508,0.01392,0.08194,0.00099,0.01488,0.02247
0.04076,0.12643,0.05099,0.54379,0.10038,0.01505,0.08288,0.00212,0.01534,0.02225
0.04120,0.12431,0.04989,0.53764,0.10564,0.01615,0.08374,0.00371,0.01576,0.02196
0.04148,0.12206,0.04879,0.53159,0.11082,0.01721,0.08453,0.00578,0.01614,0.02158
0.04163,0.11969,0.04771,0.52564,0.11590,0.01823,0.08525,0.00834,0.01648,0.02113
0.04163,0.11723,0.04665,0.51979,0.12084,0.01919,0.08589,0.01143,0.01676,0.02059
0.04149,0.11468,0.04560,0.51404,0.12559,0.02010,0.08647,0.01504,0.01699,0.01998
0.04122,0.11207,0.04458,0.50839,0.13015,0.02095,0.08699,0.01920,0.01716,0.01930
0.04081,0.10941,0.04358,0.50283,0.13445,0.02174,0.08744,0.02391,0.01727,0.01855
0.04028,0.10672,0.04261,0.49736,0.13849,0.02248,0.08784,0.02918,0.01731,0.01774
0.03964,0.10400,0.04167,0.49198,0.14223,0.02315,0.08818,0.03502,0.01729,0.01686
0.03888,0.10127,0.04075,0.48669,0.14563,0.02377,0.08847,0.04141,0.01720,0.01593
0.03803,0.09855,0.03987,0.48149,0.14868,0.02433,0.08871,0.04836,0.01704,0.01495
0.03708,0.09584,0.03902,0.47637,0.15135,0.02483,0.08890,0.05587,0.01681,0.01393
0.03606,0.09316,0.03820,0.47133,0.15361,0.02529,0.08905,0.06391,0.01651,0.01287
0.03496,0.09051,0.03741,0.46637,0.15546,0.02571,0.08917,0.07247,0.01615,0.01179
0.03381,0.08790,0.03666,0.46149,0.15687,0.02608,0.08924,0.08154,0.01572,0.01070
0.03260,0.08534,0.03593,0.45668,0.15783,0.02642,0.08928,0.09109,0.01522,0.00960
0.03136,0.08283,0.03524,0.45194,0.15834,0.02674,0.08928,0.10109,0.01467,0.00850
0.03009,0.08038,0.03458,0.44728,0.15839,0.02703,0.08925,0.11152,0.01406,0.00742
0.02880,0.07799,0.03396,0.44268,0.15797,0.02730,0.08920,0.12234,0.01340,0.00636
0.02751,0.07566,0.03336,0.43814,0.15710,0.02757,0.08911,0.13352,0.01269,0.00534
0.02621,0.07340,0.03279,0.43367,0.15577,0.02784,0.08899,0.14501,0.01194,0.00437
0.02492,0.07121,0.03225,0.42926,0.15400,0.02811,0.08885,0.15676,0.01116,0.00347
0.02365,0.06908,0.03174,0.42490,0.15180,0.02840,0.08868,0.16875,0.01035,0.00264
0.02241,0.06702,0.03125,0.42061,0.14919,0.02871,0.08849,0.18091,0.00953,0.00190
0.02120,0.06503,0.03079,0.41636,0.14618,0.02904,0.08826,0.19319,0.00869,0.00126
0.02002,0.06310,0.03036,0.41217,0.14280,0.02941,0.08801,0.20555,0.00784,0.00074
0.01888,0.06123,0.02995,0.40803,0.13907,0.02983,0.08774,0.21792,0.00700,0.00035
0.01780,0.05942,0.02956,0.40393,0.13503,0.03029,0.08743,0.23027,0.00618,0.00010
0.01676,0.05766,0.02920,0.39989,0.13069,0.03081,0.08710,0.24252,0.00537,0.00000
0.01577,0.05595,0.02887,0.39588,0.12610,0.03140,0.08673,0.25463,0.00460,0.00007
0.01484,0.05430,0.02855,0.39192,0.12129,0.03205,0.08634,0.26653,0.00386,0.00032
0.01396,0.05269,0.02826,0.38800,0.11628,0.03279,0.08591,0.27818,0.00317,0.00077
0.01314,0.05111,0.02799,0.38412,0.11112,0.03362,0.08544,0.28952,0.00253,0.00142
0.01237,0.04957,0.02774,0.38028,0.10584,0.03454,0.08494,0.30049,0.00195,0.00228
0.01166,0.04807,0.02751,0.37647,0.10048,0.03557,0.08440,0.31105,0.00143,0.00337
0.01101,0.04659,0.02731,0.37270,0.09506,0.03670,0.08381,0.32114,0.00099,0.00470
0.01041,0.04513,0.02712,0.36895,0.08963,0.03795,0.08319,0.33072,0.00062,0.00627
0.00986,0.04368,0.02696,0.36524,0.08421,0.03933,0.08252,0.33975,0.00034,0.00809
0.00937,0.04225,0.02683,0.36156,0.07885,0.04085,0.08180,0.34818,0.00014,0.01018
0.00892,0.04083,0.02671,0.35790,0.07355,0.04250,0.08103,0.35598,0.00003,0.01253
0.00853,0.03942,0.02663,0.35427,0.06836,0.04430,0.08022,0.36311,0.00000,0.01515
0.00817,0.03801,0.02657,0.35067,0.06331,0.04626,0.07935,0.36955,0.00007,0.01805
0.00786,0.03659,0.02653,0.34708,0.05840,0.04839,0.07843,0.37525,0.00022,0.02124
0.00760,0.03517,0.02653,0.34352,0.05367,0.05068,0.07745,0.38022,0.00047,0.02471
0.00737,0.03375,0.02655,0.33997,0.04913,0.05315,0.07641,0.38442,0.00080,0.02846
0.00718,0.03232,0.02661,0.33644,0.04479,0.05580,0.07532,0.38784,0.00121,0.03250
0.00702,0.03088,0.02670,0.33292,0.04068,0.05864,0.07417,0.39047,0.00170,0.03682
0.00689,0.02943,0.02682,0.32941,0.03679,0.06167,0.07296,0.39232,0.00227,0.04143
0.00680,0.02797,0.02699,0.32592,0.03314,0.06490,0.07170,0.39337,0.00290,0.04632
0.00674,0.02650,0.02719,0.32243,0.02972,0.06832,0.07037,0.39363,0.00360,0.05149
0.00670,0.02503,0.02744,0.31894,0.02655,0.07195,0.06899,0.39312,0.00436,0.05692
0.00668,0.02355,0.02773,0.31546,0.02362,0.07577,0.06755,0.39184,0.00516,0.06263
0.00669,0.02207,0.02808,0.31197,0.02093,0.07980,0.06606,0.38981,0.00600,0.06859
0.00673,0.02059,0.02847,0.30848,0.01846,0.08402,0.06452,0.38705,0.00688,0.07481
0.00677,0.01912,0.02892,0.30499,0.01623,0.08843,0.06292,0.38358,0.00777,0.08127
0.00684,0.01765,0.02943,0.30149,0.01421,0.09303,0.06128,0.37944,0.00869,0.08796
0.00692,0.01620,0.03000,0.29797,0.01239,0.09781,0.05959,0.37464,0.00960,0.09487
0.00701,0.01478,0.03064,0.29444,0.01078,0.10275,0.05786,0.36922,0.01051,0.10200
0.00711,0.01338,0.03135,0.29089,0.00934,0.10786,0.05610,0.36323,0.01141,0.10932
0.00722,0.01201,0.03214,0.28733,0.00808,0.11312,0.05430,0.35668,0.01229,0.11684
0.00733,0.01068,0.03301,0.28373,0.00698,0.11850,0.05247,0.34963,0.01314,0.12453
0.00743,0.00941,0.03397,0.28011,0.00602,0.12401,0.05062,0.34211,0.01394,0.13238
0.00754,0.00818,0.03502,0.27646,0.00519,0.12961,0.04874,0.33416,0.01470,0.14038
0.00764,0.00702,0.03616,0.27278,0.00449,0.13529,0.04686,0.32583,0.01541,0.14851
0.00773,0.00593,0.03741,0.26906,0.00389,0.14103,0.04496,0.31716,0.01605,0.15676
0.00780,0.00492,0.03877,0.26531,0.00339,0.14681,0.04307,0.30819,0.01663,0.16512
0.00786,0.00398,0.04025,0.26151,0.00297,0.15260,0.04117,0.29897,0.01713,0.17356
0.00790,0.00314,0.04185,0.25766,0.00262,0.15837,0.03928,0.28953,0.01756,0.18208
0.00792,0.00239,0.04357,0.25377,0.00235,0.16411,0.03741,0.27992,0.01791,0.19066
0.00791,0.00173,0.04543,0.24983,0.00213,0.16978,0.03555,0.27018,0.01817,0.19929
0.00786,0.00118,0.04744,0.24583,0.00196,0.17537,0.03372,0.26034,0.01835,0.20794
0.00779,0.00074,0.04959,0.24178,0.00184,0.18083,0.03192,0.25046,0.01844,0.21662
0.00768,0.00039,0.05190,0.23767,0.00176,0.18615,0.03015,0.24055,0.01844,0.22529
0.00754,0.00016,0.05437,0.23351,0.00172,0.19131,0.02842,0.23066,0.01836,0.23396
0.00736,0.00003,0.05701,0.22928,0.00171,0.19626,0.02674,0.22083,0.01819,0.24259
0.00714,0.00000,0.05982,0.22499,0.00174,0.20099,0.02510,0.21107,0.01794,0.25120
0.00689,0.00008,0.06282,0.22064,0.00180,0.20548,0.02351,0.20143,0.01761,0.25974
0.00659,0.00025,0.06600,0.21622,0.00190,0.20969,0.02198,0.19192,0.01721,0.26823
0.00627,0.00051,0.06937,0.21174,0.00204,0.21361,0.02051,0.18258,0.01673,0.27664
0.00590,0.00085,0.07294,0.20719,0.00222,0.21722,0.01910,0.17342,0.01618,0.28497
0.00551,0.00127,0.07671,0.20258,0.00244,0.22051,0.01775,0.16446,0.01558,0.29320
0.00509,0.00175,0.08068,0.19790,0.00270,0.22344,0.01647,0.15573,0.01491,0.30133
0.00465,0.00229,0.08485,0.19317,0.00301,0.22602,0.01525,0.14723,0.01420,0.30934
0.00419,0.00287,0.08923,0.18837,0.00337,0.22822,0.01410,0.13899,0.01345,0.31722
0.00372,0.00348,0.09381,0.18351,0.00378,0.23004,0.01301,0.13100,0.01266,0.32498
0.00324,0.00411,0.09860,0.17859,0.00425,0.23148,0.01199,0.12329,0.01184,0.33259
0.00277,0.00474,0.10359,0.17362,0.00478,0.23252,0.01104,0.11586,0.01101,0.34006
0.00231,0.00537,0.10877,0.16860,0.00537,0.23318,0.01015,0.10871,0.01015,0.34738
0.00187,0.00598,0.11414,0.16354,0.00603,0.23344,0.00933,0.10185,0.00930,0.35454
0.00145,0.00656,0.11969,0.15843,0.00674,0.23331,0.00857,0.09528,0.00844,0.36153
0.00107,0.00709,0.12541,0.15328,0.00753,0.23280,0.00787,0.08899,0.00760,0.36836
0.00073,0.00756,0.13130,0.14810,0.00837,0.23192,0.00723,0.08300,0.00676,0.37502
0.00045,0.00797,0.13734,0.14289,0.00928,0.23068,0.00664,0.07729,0.00596,0.38150
0.00023,0.00830,0.14351,0.13766,0.01025,0.22909,0.00611,0.07186,0.00518,0.38781
0.00008,0.00854,0.14979,0.13242,0.01128,0.22717,0.00563,0.06672,0.00443,0.39394
0.00001,0.00869,0.15618,0.12717,0.01237,0.22493,0.00520,0.06184,0.00373,0.39989
0.00002,0.00874,0.16265,0.12193,0.01350,0.22239,0.00481,0.05723,0.00307,0.40566
0.00013,0.00869,0.16917,0.11669,0.01469,0.21958,0.00447,0.05288,0.00247,0.41124
0.00033,0.00854,0.17572,0.11146,0.01592,0.21651,0.00416,0.04878,0.00192,0.41664
0.00064,0.00829,0.18228,0.10626,0.01719,0.21321,0.00390,0.04493,0.00144,0.42186
0.00106,0.00795,0.18883,0.10110,0.01848,0.20970,0.00367,0.04130,0.00102,0.42690
0.00159,0.00751,0.19532,0.09597,0.01981,0.20600,0.00347,0.03791,0.00067,0.43175
0.00223,0.00699,0.20173,0.09090,0.02115,0.20214,0.00331,0.03473,0.00039,0.43643
0.00299,0.00639,0.20804,0.08589,0.02251,0.19814,0.00317,0.03176,0.00018,0.44093
0.00385,0.00574,0.21421,0.08094,0.02388,0.19403,0.00306,0.02899,0.00005,0.44525
0.00483,0.00504,0.22020,0.07608,0.02524,0.18983,0.00298,0.02640,0.00000,0.44939
0.00591,0.00432,0.22598,0.07130,0.02660,0.18556,0.00293,0.02400,0.00003,0.45336
0.00710,0.00358,0.23153,0.06663,0.02795,0.18125,0.00289,0.02177,0.00014,0.45716
0.00838,0.00285,0.23680,0.06205,0.02928,0.17692,0.00288,0.01970,0.00034,0.46079
0.00975,0.00216,0.24176,0.05760,0.03059,0.17258,0.00290,0.01778,0.00062,0.46426
0.01120,0.00152,0.24639,0.05327,0.03187,0.16827,0.00293,0.01601,0.00098,0.46756
0.01272,0.00097,0.25064,0.04907,0.03312,0.16399,0.00299,0.01438,0.00143,0.47071
0.01429,0.00051,0.25450,0.04501,0.03433,0.15977,0.00307,0.01287,0.00196,0.47369
0.01592,0.00019,0.25792,0.04110,0.03551,0.15562,0.00316,0.01149,0.00257,0.47653
0.01758,0.00002,0.26088,0.03734,0.03664,0.15156,0.00328,0.01022,0.00327,0.47921
0.01927,0.00003,0.26335,0.03375,0.03773,0.14760,0.00343,0.00906,0.00406,0.48174
0.02096,0.00024,0.26532,0.03032,0.03877,0.14375,0.00359,0.00800,0.00493,0.48413
0.02265,0.00068,0.26676,0.02707,0.03977,0.14002,0.00377,0.00703,0.00588,0.48638
0.02432,0.00136,0.26765,0.02399,0.04073,0.13643,0.00397,0.00615,0.00692,0.48849
0.02596,0.00232,0.26797,0.02110,0.04164,0.13297,0.00420,0.00535,0.00803,0.49046
0.02756,0.00355,0.26771,0.01839,0.04251,0.12966,0.00444,0.00464,0.00924,0.49230
0.02910,0.00509,0.26687,0.01587,0.04334,0.12650,0.00470,0.00399,0.01052,0.49402
0.03057,0.00693,0.26544,0.01354,0.04413,0.12349,0.00498,0.00341,0.01189,0.49561
0.03196,0.00910,0.26341,0.01140,0.04488,0.12064,0.00528,0.00289,0.01335,0.49708
0.03325,0.01160,0.26079,0.00946,0.04561,0.11795,0.00559,0.00243,0.01488,0.49844
0.03444,0.01443,0.25758,0.00770,0.04631,0.11541,0.00591,0.00203,0.01650,0.49968
0.03552,0.01760,0.25379,0.00614,0.04698,0.11304,0.00625,0.00167,0.01821,0.50081
0.03649,0.02109,0.24943,0.00476,0.04764,0.11082,0.00659,0.00136,0.02000,0.50183
0.03732,0.02490,0.24452,0.00357,0.04828,0.10875,0.00694,0.00109,0.02187,0.50276
0.03803,0.02903,0.23907,0.00256,0.04891,0.10683,0.00730,0.00086,0.02383,0.50358
0.03860,0.03345,0.23312,0.00173,0.04954,0.10506,0.00765,0.00067,0.02587,0.50431
0.03903,0.03816,0.22669,0.00106,0.05018,0.10343,0.00800,0.00050,0.02800,0.50495
0.03933,0.04312,0.21980,0.00057,0.05081,0.10193,0.00835,0.00037,0.03022,0.50550
0.03949,0.04832,0.21249,0.00023,0.05146,0.10057,0.00868,0.00026,0.03253,0.50596
0.03951,0.05373,0.20481,0.00004,0.05213,0.09932,0.00900,0.00017,0.03493,0.50635
0.03940,0.05932,0.19677,0.00000,0.05282,0.09818,0.00931,0.00011,0.03741,0.50666
0.03916,0.06506,0.18843,0.00010,0.05354,0.09716,0.00959,0.00006,0.03999,0.50691
0.03880,0.07092,0.17983,0.00032,0.05429,0.09622,0.00985,0.00003,0.04266,0.50708
0.03832,0.07686,0.17101,0.00066,0.05508,0.09538,0.01008,0.00001,0.04542,0.50720
0.03773,0.08284,0.16201,0.00111,0.05591,0.09461,0.01027,0.00000,0.04827,0.50726
0.03703,0.08882,0.15289,0.00165,0.05679,0.09391,0.01043,0.00000,0.05121,0.50726
0.03625,0.09478,0.14369,0.00229,0.05771,0.09326,0.01055,0.00001,0.05425,0.50722
0.03537,0.10067,0.13446,0.00300,0.05869,0.09266,0.01063,0.00002,0.05737,0.50713
0.03443,0.10645,0.12524,0.00378,0.05972,0.09209,0.01067,0.00003,0.06059,0.50701
0.03342,0.11208,0.11608,0.00462,0.06081,0.09154,0.01066,0.00004,0.06390,0.50685
0.03235,0.11754,0.10703,0.00550,0.06196,0.09101,0.01060,0.00006,0.06729,0.50667
0.03124,0.12277,0.09814,0.00642,0.06317,0.09046,0.01050,0.00007,0.07077,0.50646
0.03010,0.12777,0.08943,0.00737,0.06444,0.08991,0.01034,0.00008,0.07433,0.50623
0.02893,0.13248,0.08097,0.00833,0.06578,0.08932,0.01014,0.00008,0.07798,0.50600
0.02774,0.13688,0.07278,0.00930,0.06717,0.08870,0.00989,0.00009,0.08170,0.50575
